ts,can_id,is_ext,dlc,b0,b1,b2,b3,b4,b5,b6,b7,label
1790485281.345437,268698629,1,7,112,241,197,71,4,0,192,0,1
1790485281.345539,419369729,1,4,4,176,0,75,0,0,0,0,1
1790485281.345637,419369473,1,6,0,0,64,255,27,235,0,0,1
1790485281.362853,268698629,1,7,115,241,197,71,4,0,192,0,1
1790485281.383932,268698629,1,7,119,241,197,71,4,0,192,0,1
1790485281.395348,419369473,1,6,0,0,64,255,35,191,0,0,1
1790485281.402738,268698629,1,7,123,241,197,71,4,0,192,0,1
1790485281.423366,268698629,1,7,126,241,197,71,4,0,192,0,1
1790485281.443441,419369217,1,8,66,80,4,9,65,168,0,0,1
1790485281.443631,268698629,1,7,130,241,197,71,4,0,192,0,1
1790485281.445277,419369473,1,6,0,0,64,255,43,165,0,0,1
1790485281.460982,268698629,1,7,133,241,197,71,4,0,192,0,1
1790485281.485352,268698629,1,7,137,241,197,71,4,0,192,0,1
1790485281.495333,419369473,1,6,0,0,64,255,51,146,0,0,1
1790485281.504462,268698629,1,7,140,241,197,71,4,0,192,0,1
1790485281.522816,268698629,1,7,98,125,186,71,4,0,192,0,1
1790485281.541709,419369217,1,8,66,80,3,243,65,168,0,0,1
1790485281.541800,268698629,1,7,147,241,197,71,4,0,192,0,1
1790485281.545298,419369473,1,6,0,0,64,255,59,131,0,0,1
1790485281.545434,419369729,1,4,4,176,0,75,0,0,0,0,1
1790485281.564866,268698629,1,7,151,241,197,71,4,0,192,0,1
1790485281.583984,268698629,1,7,154,241,197,71,4,0,192,0,1
1790485281.595322,419369473,1,6,0,0,64,255,67,121,0,0,1
1790485281.603941,268698629,1,7,157,241,197,71,4,0,192,0,1
1790485281.623676,268698629,1,7,161,241,197,71,4,0,192,0,1
1790485281.644499,419369217,1,8,66,80,3,220,65,168,0,0,1
1790485281.644615,268698629,1,7,164,241,197,71,4,0,192,0,1
1790485281.645287,419369473,1,6,0,0,64,255,75,116,0,0,1
1790485281.660813,268698629,1,7,167,241,197,71,4,0,192,0,1
1790485281.684466,268698629,1,7,171,241,197,71,4,0,192,0,1
1790485281.695290,419369473,1,6,0,0,64,255,83,116,0,0,1
1790485281.703521,268698629,1,7,174,241,197,71,4,0,192,0,1
1790485281.722683,268698629,1,7,130,125,186,71,4,0,192,0,1
1790485281.743740,419369217,1,8,66,80,3,199,65,168,0,0,1
1790485281.745218,268698629,1,7,180,241,197,71,4,0,192,0,1
1790485281.745335,419369729,1,4,4,176,0,75,0,0,0,0,1
1790485281.745406,419369473,1,6,0,0,64,255,91,126,0,0,1
1790485281.761544,268698629,1,7,183,241,197,71,4,0,192,0,1
1790485281.780929,268698629,1,7,186,241,197,71,4,0,192,0,1
1790485281.795331,419369473,1,6,0,0,64,255,99,130,0,0,1
1790485281.805434,268698629,1,7,190,241,197,71,4,0,192,0,1
1790485281.822255,268698629,1,7,192,241,197,71,4,0,192,0,1
1790485281.843017,419369217,1,8,66,80,3,176,65,168,0,0,1
1790485281.845312,268698629,1,7,196,241,197,71,4,0,192,0,1
1790485281.845433,419369473,1,6,0,0,64,255,107,147,0,0,1
1790485281.864630,268698629,1,7,199,241,197,71,4,0,192,0,1
1790485281.884110,268698629,1,7,202,241,197,71,4,0,192,0,1
1790485281.895357,419369473,1,6,0,0,64,255,115,159,0,0,1
1790485281.904621,268698629,1,7,205,241,197,71,4,0,192,0,1
1790485281.921703,268698629,1,7,159,125,186,71,4,0,192,0,1
1790485281.944674,419369217,1,8,66,80,3,154,65,168,0,0,1
1790485281.945300,268698629,1,7,211,241,197,71,4,0,192,0,1
1790485281.945392,419369473,1,6,0,0,64,255,123,182,0,0,1
1790485281.945442,419369729,1,4,4,176,0,75,0,0,0,0,1
1790485281.964528,268698629,1,7,214,241,197,71,4,0,192,0,1
1790485281.984755,268698629,1,7,217,241,197,71,4,0,192,0,1
1790485281.995292,419369473,1,6,0,0,64,255,131,201,0,0,1
1790485282.003526,268698629,1,7,219,241,197,71,4,0,192,0,1
1790485282.021687,268698629,1,7,222,241,197,71,4,0,192,0,1
1790485282.041817,419369217,1,8,66,80,3,132,65,168,0,0,1
1790485282.045323,268698629,1,7,225,241,197,71,4,0,192,0,1
1790485282.045537,419369473,1,6,0,0,64,255,139,238,0,0,1
1790485282.062486,268698629,1,7,228,241,197,71,4,0,192,0,1
1790485282.083221,268698629,1,7,230,241,197,71,4,0,192,0,1
1790485282.095319,419369473,1,6,0,0,64,255,148,1,0,0,1
1790485282.102864,268698629,1,7,233,241,197,71,4,0,192,0,1
1790485282.124203,268698629,1,7,186,125,186,71,4,0,192,0,1
1790485282.143977,268698629,1,7,239,241,197,71,4,0,192,0,1
1790485282.144091,419369217,1,8,66,80,3,109,65,168,0,0,1
1790485282.145304,419369473,1,6,0,0,64,255,156,33,0,0,1
1790485282.145383,419369729,1,4,4,176,0,75,0,0,0,0,1
1790485282.163488,268698629,1,7,241,241,197,71,4,0,192,0,1
1790485282.184247,268698629,1,7,244,241,197,71,4,0,192,0,1
1790485282.195294,419369473,1,6,0,0,64,255,164,68,0,0,1
1790485282.203590,268698629,1,7,247,241,197,71,4,0,192,0,1
1790485282.224820,268698629,1,7,249,241,197,71,4,0,192,0,1
1790485282.244742,268698629,1,7,252,241,197,71,4,0,192,0,1
1790485282.244858,419369217,1,8,66,80,3,87,65,168,0,0,1
1790485282.245336,419369473,1,6,0,0,64,255,172,107,0,0,1
1790485282.261400,268698629,1,7,254,241,197,71,4,0,192,0,1
1790485282.285402,268698629,1,7,1,242,197,71,4,0,192,0,1
1790485282.295397,419369473,1,6,0,0,64,255,180,145,0,0,1
1790485282.304474,268698629,1,7,4,242,197,71,4,0,192,0,1
1790485282.320951,268698629,1,7,211,125,186,71,4,0,192,0,1
1790485282.344195,419369217,1,8,66,80,3,64,65,168,0,0,1
1790485282.345305,419369473,1,6,0,0,64,255,188,186,0,0,1
1790485282.345565,419369729,1,4,4,176,0,75,0,0,0,0,1
1790485282.345671,268698629,1,7,9,242,197,71,4,0,192,0,1
1790485282.361361,268698629,1,7,11,242,197,71,4,0,192,0,1
1790485282.382850,268698629,1,7,13,242,197,71,4,0,192,0,1
1790485282.395350,419369473,1,6,0,0,64,255,196,229,0,0,1
1790485282.404291,268698629,1,7,16,242,197,71,4,0,192,0,1
1790485282.424731,268698629,1,7,18,242,197,71,4,0,192,0,1
1790485282.443501,268698629,1,7,20,242,197,71,4,0,192,0,1
1790485282.443600,419369217,1,8,66,80,3,42,65,168,0,0,1
1790485282.445296,419369473,1,6,0,0,64,255,205,17,0,0,1
1790485282.461596,268698629,1,7,23,242,197,71,4,0,192,0,1
1790485282.484173,268698629,1,7,25,242,197,71,4,0,192,0,1
1790485282.495351,419369473,1,6,0,0,64,255,213,64,0,0,1
1790485282.504525,268698629,1,7,27,242,197,71,4,0,192,0,1
1790485282.523359,268698629,1,7,234,125,186,71,4,0,192,0,1
1790485282.540821,419369217,1,8,66,80,3,20,65,168,0,0,1
1790485282.540986,268698629,1,7,32,242,197,71,4,0,192,0,1
1790485282.545340,419369473,1,6,0,0,64,255,221,110,0,0,1
1790485282.545459,419369729,1,4,4,176,0,75,0,0,0,0,1
1790485282.560875,268698629,1,7,34,242,197,71,4,0,192,0,1
1790485282.584782,268698629,1,7,36,242,197,71,4,0,192,0,1
1790485282.595345,419369473,1,6,0,0,64,255,229,158,0,0,1
1790485282.602963,268698629,1,7,38,242,197,71,4,0,192,0,1
1790485282.624664,268698629,1,7,41,242,197,71,4,0,192,0,1
1790485282.644676,268698629,1,7,43,242,197,71,4,0,192,0,1
1790485282.644871,419369217,1,8,66,80,2,252,65,168,0,0,1
1790485282.645356,419369473,1,6,0,0,64,255,237,208,0,0,1
1790485282.663105,268698629,1,7,45,242,197,71,4,0,192,0,1
1790485282.684405,268698629,1,7,47,242,197,71,4,0,192,0,1
1790485282.695365,419369473,1,6,0,0,64,255,246,0,0,0,1
1790485282.704619,268698629,1,7,49,242,197,71,4,0,192,0,1
1790485282.723056,268698629,1,7,254,125,186,71,4,0,192,0,1
1790485282.741269,419369217,1,8,66,80,2,230,65,168,0,0,1
1790485282.741701,268698629,1,7,53,242,197,71,4,0,192,0,1
1790485282.745306,419369729,1,4,4,176,0,75,0,0,0,0,1
1790485282.745418,419369473,1,6,0,0,64,255,254,53,0,0,1
1790485282.761727,268698629,1,7,55,242,197,71,4,0,192,0,1
1790485282.780871,268698629,1,7,56,242,197,71,4,0,192,0,1
1790485282.795343,419369473,1,6,0,0,65,0,3,49,0,0,1
1790485282.802724,268698629,1,7,59,242,197,71,4,0,192,0,1
1790485282.821121,268698629,1,7,60,242,197,71,4,0,192,0,1
1790485282.841339,419369217,1,8,66,80,2,207,65,168,0,0,1
1790485282.845327,419369473,1,6,0,0,65,0,7,73,0,0,1
1790485282.845566,268698629,1,7,63,242,197,71,4,0,192,0,1
1790485282.862027,268698629,1,7,64,242,197,71,4,0,192,0,1
1790485282.883502,268698629,1,7,66,242,197,71,4,0,192,0,1
1790485282.895374,419369473,1,6,0,0,65,0,11,98,0,0,1
1790485282.904983,268698629,1,7,68,242,197,71,4,0,192,0,1
1790485282.922376,268698629,1,7,16,126,186,71,4,0,192,0,1
1790485282.944006,419369217,1,8,66,80,2,183,65,168,0,0,1
1790485282.945330,268698629,1,7,71,242,197,71,4,0,192,0,1
1790485282.945470,419369473,1,6,0,0,65,0,15,124,0,0,1
1790485282.945586,419369729,1,4,4,176,0,75,0,0,0,0,1
1790485282.961006,268698629,1,7,73,242,197,71,4,0,192,0,1
1790485282.984640,268698629,1,7,75,242,197,71,4,0,192,0,1
1790485282.995350,419369473,1,6,0,0,65,0,19,145,0,0,1
1790485283.002638,268698629,1,7,76,242,197,71,4,0,192,0,1
1790485283.024345,268698629,1,7,78,242,197,71,4,0,192,0,1
1790485283.044210,268698629,1,7,80,242,197,71,4,0,192,0,1
1790485283.044505,419369217,1,8,66,80,2,160,65,168,0,0,1
1790485283.045325,419369473,1,6,0,0,65,0,23,168,0,0,1
1790485283.062131,268698629,1,7,81,242,197,71,4,0,192,0,1
1790485283.083616,268698629,1,7,83,242,197,71,4,0,192,0,1
1790485283.095365,419369473,1,6,0,0,65,0,27,191,0,0,1
1790485283.104349,268698629,1,7,84,242,197,71,4,0,192,0,1
1790485283.121906,268698629,1,7,31,126,186,71,4,0,192,0,1
1790485283.142489,419369217,1,8,66,80,2,138,65,168,0,0,1
1790485283.145308,419369473,1,6,0,0,65,0,31,212,0,0,1
1790485283.145463,419369729,1,4,4,176,0,75,0,0,0,0,1
1790485283.145514,268698629,1,7,87,242,197,71,4,0,192,0,1
1790485283.161829,268698629,1,7,89,242,197,71,4,0,192,0,1
1790485283.185209,268698629,1,7,90,242,197,71,4,0,192,0,1
1790485283.195390,419369473,1,6,0,0,65,0,35,234,0,0,1
1790485283.203593,268698629,1,7,92,242,197,71,4,0,192,0,1
1790485283.220914,268698629,1,7,93,242,197,71,4,0,192,0,1
1790485283.244803,419369217,1,8,66,80,2,114,65,168,0,0,1
1790485283.245317,419369473,1,6,0,0,65,0,39,253,0,0,1
1790485283.245790,268698629,1,7,95,242,197,71,4,0,192,0,1
1790485283.262011,268698629,1,7,96,242,197,71,4,0,192,0,1
1790485283.285297,268698629,1,7,97,242,197,71,4,0,192,0,1
1790485283.295366,419369473,1,6,0,0,65,0,44,17,0,0,1
1790485283.304132,268698629,1,7,98,242,197,71,4,0,192,0,1
1790485283.321761,268698629,1,7,44,126,186,71,4,0,192,0,1
1790485283.343734,419369217,1,8,66,80,2,91,65,168,0,0,1
1790485283.345299,268698629,1,7,101,242,197,71,4,0,192,0,1
1790485283.345379,419369473,1,6,0,0,65,0,48,36,0,0,1
1790485283.345417,419369729,1,4,4,176,0,75,0,0,0,0,1
1790485283.361787,268698629,1,7,102,242,197,71,4,0,192,0,1
1790485283.383398,268698629,1,7,103,242,197,71,4,0,192,0,1
1790485283.395373,419369473,1,6,0,0,65,0,52,52,0,0,1
1790485283.405087,268698629,1,7,105,242,197,71,4,0,192,0,1
1790485283.422804,268698629,1,7,106,242,197,71,4,0,192,0,1
1790485283.442946,419369217,1,8,66,80,2,68,65,168,0,0,1
1790485283.443139,268698629,1,7,107,242,197,71,4,0,192,0,1
1790485283.445304,419369473,1,6,0,0,65,0,56,66,0,0,1
1790485283.462980,268698629,1,7,108,242,197,71,4,0,192,0,1
1790485283.484662,268698629,1,7,109,242,197,71,4,0,192,0,1
1790485283.495372,419369473,1,6,0,0,65,0,60,81,0,0,1
1790485283.501334,268698629,1,7,110,242,197,71,4,0,192,0,1
1790485283.523036,268698629,1,7,55,126,186,71,4,0,192,0,1
1790485283.543529,419369217,1,8,66,80,2,45,65,168,0,0,1
1790485283.543712,268698629,1,7,112,242,197,71,4,0,192,0,1
1790485283.545366,419369473,1,6,0,0,65,0,64,93,0,0,1
1790485283.545507,419369729,1,4,4,176,0,75,0,0,0,0,1
1790485283.565042,268698629,1,7,113,242,197,71,4,0,192,0,1
1790485283.584497,268698629,1,7,114,242,197,71,4,0,192,0,1
1790485283.595325,419369473,1,6,0,0,65,0,68,103,0,0,1
1790485283.601878,268698629,1,7,115,242,197,71,4,0,192,0,1
1790485283.625110,268698629,1,7,116,242,197,71,4,0,192,0,1
1790485283.644674,268698629,1,7,117,242,197,71,4,0,192,0,1
1790485283.644875,419369217,1,8,66,80,2,21,65,168,0,0,1
1790485283.645363,419369473,1,6,0,0,65,0,72,113,0,0,1
1790485283.661937,268698629,1,7,117,242,197,71,4,0,192,0,1
1790485283.683505,268698629,1,7,118,242,197,71,4,0,192,0,1
1790485283.695383,419369473,1,6,0,0,65,0,76,120,0,0,1
1790485283.704676,268698629,1,7,119,242,197,71,4,0,192,0,1
1790485283.721518,268698629,1,7,63,126,186,71,4,0,192,0,1
1790485283.744963,419369217,1,8,66,80,1,254,65,168,0,0,1
1790485283.745351,268698629,1,7,121,242,197,71,4,0,192,0,1
1790485283.745435,419369473,1,6,0,0,65,0,80,127,0,0,1
1790485283.745489,419369729,1,4,4,176,0,75,0,0,0,0,1
1790485283.761266,268698629,1,7,121,242,197,71,4,0,192,0,1
1790485283.780935,268698629,1,7,122,242,197,71,4,0,192,0,1
1790485283.795334,419369473,1,6,0,0,65,0,84,128,0,0,1
1790485283.804444,268698629,1,7,123,242,197,71,4,0,192,0,1
1790485283.823096,268698629,1,7,123,242,197,71,4,0,192,0,1
1790485283.842435,419369217,1,8,66,80,1,231,65,168,0,0,1
1790485283.842571,268698629,1,7,124,242,197,71,4,0,192,0,1
1790485283.845378,419369473,1,6,0,0,65,0,88,130,0,0,1
1790485283.863213,268698629,1,7,124,242,197,71,4,0,192,0,1
1790485283.884828,268698629,1,7,125,242,197,71,4,0,192,0,1
1790485283.895432,419369473,1,6,0,0,65,0,92,128,0,0,1
1790485283.903882,268698629,1,7,126,242,197,71,4,0,192,0,1
1790485283.923881,268698629,1,7,70,126,186,71,4,0,192,0,1
1790485283.943502,419369217,1,8,66,80,1,207,65,168,0,0,1
1790485283.943683,268698629,1,7,127,242,197,71,4,0,192,0,1
1790485283.945322,419369473,1,6,0,0,65,0,96,123,0,0,1
1790485283.945458,419369729,1,4,4,176,0,75,0,0,0,0,1
1790485283.961333,268698629,1,7,127,242,197,71,4,0,192,0,1
1790485283.983894,268698629,1,7,127,242,197,71,4,0,192,0,1
1790485283.995318,419369473,1,6,0,0,65,0,100,117,0,0,1
1790485284.002751,268698629,1,7,128,242,197,71,4,0,192,0,1
1790485284.022298,268698629,1,7,128,242,197,71,4,0,192,0,1
1790485284.044328,419369217,1,8,66,80,1,184,65,168,0,0,1
1790485284.045338,268698629,1,7,129,242,197,71,4,0,192,0,1
1790485284.045503,419369473,1,6,0,0,65,0,104,113,0,0,1
1790485284.060997,268698629,1,7,129,242,197,71,4,0,192,0,1
1790485284.084484,268698629,1,7,129,242,197,71,4,0,192,0,1
1790485284.095432,419369473,1,6,0,0,65,0,108,98,0,0,1
1790485284.103812,268698629,1,7,130,242,197,71,4,0,192,0,1
1790485284.121913,268698629,1,7,73,126,186,71,4,0,192,0,1
1790485284.143967,419369217,1,8,66,80,1,160,65,168,0,0,1
1790485284.145321,268698629,1,7,130,242,197,71,4,0,192,0,1
1790485284.145628,419369729,1,4,4,176,0,75,0,0,0,0,1
1790485284.145743,419369473,1,6,0,0,65,0,112,92,0,0,1
1790485284.162130,268698629,1,7,130,242,197,71,4,0,192,0,1
1790485284.182476,268698629,1,7,131,242,197,71,4,0,192,0,1
1790485284.194364,419369473,1,6,0,0,65,0,116,47,0,0,1
1790485284.204945,268698629,1,7,131,242,197,71,4,0,192,0,1
1790485284.224218,268698629,1,7,131,242,197,71,4,0,192,0,1
1790485284.244868,268698629,1,7,131,242,197,71,4,0,192,0,1
1790485284.244989,419369217,1,8,66,80,1,136,65,168,0,0,1
1790485284.245352,419369473,1,6,0,0,65,0,120,47,0,0,1
1790485284.261440,268698629,1,7,131,242,197,71,4,0,192,0,1
1790485284.283074,268698629,1,7,131,242,197,71,4,0,192,0,1
1790485284.295504,419369473,1,6,0,0,65,0,124,26,0,0,1
1790485284.304250,268698629,1,7,131,242,197,71,4,0,192,0,1
1790485284.323901,268698629,1,7,74,126,186,71,4,0,192,0,1
1790485284.344001,419369217,1,8,66,80,1,113,65,168,0,0,1
1790485284.344167,268698629,1,7,131,242,197,71,4,0,192,0,1
1790485284.345349,419369473,1,6,0,0,65,0,127,253,0,0,1
1790485284.345658,419369729,1,4,4,176,0,75,0,0,0,0,1
1790485284.364637,268698629,1,7,131,242,197,71,4,0,192,0,1
1790485284.381337,268698629,1,7,131,242,197,71,4,0,192,0,1
1790485284.395352,419369473,1,6,0,0,65,0,131,223,0,0,1
1790485284.404178,268698629,1,7,131,242,197,71,4,0,192,0,1
1790485284.422187,268698629,1,7,131,242,197,71,4,0,192,0,1
1790485284.443265,419369217,1,8,66,80,1,90,65,168,0,0,1
1790485284.443508,268698629,1,7,131,242,197,71,4,0,192,0,1
1790485284.443559,419369473,1,6,0,0,65,0,135,155,0,0,1
1790485284.461874,268698629,1,7,131,242,197,71,4,0,192,0,1
1790485284.484067,268698629,1,7,130,242,197,71,4,0,192,0,1
1790485284.495347,419369473,1,6,0,0,65,0,139,154,0,0,1
1790485284.503363,268698629,1,7,130,242,197,71,4,0,192,0,1
1790485284.520995,268698629,1,7,73,126,186,71,4,0,192,0,1
1790485284.542546,419369217,1,8,66,80,1,66,65,168,0,0,1
1790485284.545365,268698629,1,7,130,242,197,71,4,0,192,0,1
1790485284.545605,419369729,1,4,4,176,0,75,0,0,0,0,1
1790485284.545686,419369473,1,6,0,0,65,0,143,121,0,0,1
1790485284.563425,268698629,1,7,129,242,197,71,4,0,192,0,1
1790485284.583999,268698629,1,7,129,242,197,71,4,0,192,0,1
1790485284.595376,419369473,1,6,0,0,65,0,147,70,0,0,1
1790485284.604729,268698629,1,7,129,242,197,71,4,0,192,0,1
1790485284.624607,268698629,1,7,128,242,197,71,4,0,192,0,1
1790485284.644660,268698629,1,7,128,242,197,71,4,0,192,0,1
1790485284.644776,419369217,1,8,66,80,1,42,65,168,0,0,1
1790485284.645323,419369473,1,6,0,0,65,0,151,22,0,0,1
1790485284.662065,268698629,1,7,128,242,197,71,4,0,192,0,1
1790485284.683923,268698629,1,7,127,242,197,71,4,0,192,0,1
1790485284.695307,419369473,1,6,0,0,65,0,154,227,0,0,1
1790485284.703929,268698629,1,7,127,242,197,71,4,0,192,0,1
1790485284.722758,268698629,1,7,70,126,186,71,4,0,192,0,1
1790485284.744409,268698629,1,7,126,242,197,71,4,0,192,0,1
1790485284.744621,419369217,1,8,66,80,1,18,65,168,0,0,1
1790485284.745367,419369473,1,6,0,0,65,0,158,172,0,0,1
1790485284.745827,419369729,1,4,4,176,0,75,0,0,0,0,1
1790485284.761191,268698629,1,7,125,242,197,71,4,0,192,0,1
1790485284.781842,268698629,1,7,125,242,197,71,4,0,192,0,1
1790485284.795361,419369473,1,6,0,0,65,0,162,113,0,0,1
1790485284.804542,268698629,1,7,124,242,197,71,4,0,192,0,1
1790485284.821026,268698629,1,7,124,242,197,71,4,0,192,0,1
1790485284.843444,419369217,1,8,66,80,0,251,65,168,0,0,1
1790485284.845415,419369473,1,6,0,0,65,0,166,49,0,0,1
1790485284.845559,268698629,1,7,123,242,197,71,4,0,192,0,1
1790485284.862026,268698629,1,7,122,242,197,71,4,0,192,0,1
1790485284.881809,268698629,1,7,122,242,197,71,4,0,192,0,1
1790485284.895529,419369473,1,6,0,0,65,0,169,241,0,0,1
1790485284.904249,268698629,1,7,121,242,197,71,4,0,192,0,1
1790485284.923142,268698629,1,7,64,126,186,71,4,0,192,0,1
1790485284.944507,419369217,1,8,66,80,0,227,65,168,0,0,1
1790485284.944696,268698629,1,7,119,242,197,71,4,0,192,0,1
1790485284.945312,419369473,1,6,0,0,65,0,173,165,0,0,1
1790485284.945578,419369729,1,4,4,176,0,75,0,0,0,0,1
1790485284.963706,268698629,1,7,119,242,197,71,4,0,192,0,1
1790485284.984782,268698629,1,7,118,242,197,71,4,0,192,0,1
1790485284.995339,419369473,1,6,0,0,65,0,177,89,0,0,1
1790485285.004142,268698629,1,7,117,242,197,71,4,0,192,0,1
1790485285.020883,268698629,1,7,116,242,197,71,4,0,192,0,1
1790485285.041529,419369217,1,8,66,80,0,204,65,168,0,0,1
1790485285.045340,419369473,1,6,0,0,65,0,181,8,0,0,1
1790485285.045460,268698629,1,7,115,242,197,71,4,0,192,0,1
1790485285.061928,268698629,1,7,114,242,197,71,4,0,192,0,1
1790485285.082864,268698629,1,7,113,242,197,71,4,0,192,0,1
1790485285.095366,419369473,1,6,0,0,65,0,184,178,0,0,1
1790485285.104847,268698629,1,7,112,242,197,71,4,0,192,0,1
1790485285.121162,268698629,1,7,56,126,186,71,4,0,192,0,1
1790485285.144288,419369217,1,8,66,80,0,179,65,168,0,0,1
1790485285.145361,419369473,1,6,0,0,65,0,188,88,0,0,1
1790485285.145463,268698629,1,7,110,242,197,71,4,0,192,0,1
1790485285.145590,419369729,1,4,4,176,0,75,0,0,0,0,1
1790485285.163976,268698629,1,7,109,242,197,71,4,0,192,0,1
1790485285.183185,268698629,1,7,108,242,197,71,4,0,192,0,1
1790485285.195508,419369473,1,6,0,0,65,0,191,251,0,0,1
1790485285.203676,268698629,1,7,107,242,197,71,4,0,192,0,1
1790485285.220875,268698629,1,7,106,242,197,71,4,0,192,0,1
1790485285.241908,419369217,1,8,66,80,0,156,65,168,0,0,1
1790485285.245396,419369473,1,6,0,0,65,0,195,149,0,0,1
1790485285.245557,268698629,1,7,105,242,197,71,4,0,192,0,1
1790485285.262973,268698629,1,7,104,242,197,71,4,0,192,0,1
1790485285.285101,268698629,1,7,102,242,197,71,4,0,192,0,1
1790485285.295355,419369473,1,6,0,0,65,0,199,43,0,0,1
1790485285.302865,268698629,1,7,101,242,197,71,4,0,192,0,1
1790485285.322271,268698629,1,7,45,126,186,71,4,0,192,0,1
1790485285.343956,419369217,1,8,66,80,0,132,65,168,0,0,1
1790485285.345343,268698629,1,7,99,242,197,71,4,0,192,0,1
1790485285.345458,419369729,1,4,4,176,0,75,0,0,0,0,1
1790485285.345548,419369473,1,6,0,0,65,0,202,192,0,0,1
1790485285.361615,268698629,1,7,98,242,197,71,4,0,192,0,1
1790485285.383379,268698629,1,7,96,242,197,71,4,0,192,0,1
1790485285.395341,419369473,1,6,0,0,65,0,206,73,0,0,1
1790485285.402278,268698629,1,7,95,242,197,71,4,0,192,0,1
1790485285.423853,268698629,1,7,94,242,197,71,4,0,192,0,1
1790485285.442873,419369217,1,8,66,80,0,108,65,168,0,0,1
1790485285.443128,268698629,1,7,92,242,197,71,4,0,192,0,1
1790485285.445350,419369473,1,6,0,0,65,0,209,208,0,0,1
1790485285.464348,268698629,1,7,91,242,197,71,4,0,192,0,1
1790485285.484812,268698629,1,7,89,242,197,71,4,0,192,0,1
1790485285.495352,419369473,1,6,0,0,65,0,213,82,0,0,1
1790485285.503860,268698629,1,7,88,242,197,71,4,0,192,0,1
1790485285.520888,268698629,1,7,32,126,186,71,4,0,192,0,1
1790485285.542924,419369217,1,8,66,80,0,84,65,168,0,0,1
1790485285.545439,419369473,1,6,0,0,65,0,216,207,0,0,1
1790485285.545587,419369729,1,4,4,176,0,75,0,0,0,0,1
1790485285.545693,268698629,1,7,85,242,197,71,4,0,192,0,1
1790485285.561177,268698629,1,7,84,242,197,71,4,0,192,0,1
1790485285.584564,268698629,1,7,82,242,197,71,4,0,192,0,1
1790485285.595382,419369473,1,6,0,0,65,0,220,70,0,0,1
1790485285.603774,268698629,1,7,80,242,197,71,4,0,192,0,1
1790485285.624020,268698629,1,7,79,242,197,71,4,0,192,0,1
1790485285.644705,419369217,1,8,66,80,0,60,65,168,0,0,1
1790485285.644851,268698629,1,7,77,242,197,71,4,0,192,0,1
1790485285.645346,419369473,1,6,0,0,65,0,223,183,0,0,1
1790485285.662777,268698629,1,7,75,242,197,71,4,0,192,0,1
1790485285.684687,268698629,1,7,74,242,197,71,4,0,192,0,1
1790485285.695344,419369473,1,6,0,0,65,0,227,34,0,0,1
1790485285.702155,268698629,1,7,72,242,197,71,4,0,192,0,1
1790485285.721030,268698629,1,7,17,126,186,71,4,0,192,0,1
1790485285.739922,419369217,1,8,66,80,0,38,65,168,0,0,1
1790485285.745361,419369473,1,6,0,0,65,0,230,136,0,0,1
1790485285.745686,419369729,1,4,4,176,0,75,0,0,0,0,1
1790485285.745756,268698629,1,7,68,242,197,71,4,0,192,0,1
1790485285.760786,268698629,1,7,67,242,197,71,4,0,192,0,1
1790485285.784660,268698629,1,7,65,242,197,71,4,0,192,0,1
1790485285.795337,419369473,1,6,0,0,65,0,233,231,0,0,1
1790485285.802611,268698629,1,7,63,242,197,71,4,0,192,0,1
1790485285.823881,268698629,1,7,61,242,197,71,4,0,192,0,1
1790485285.844209,419369217,1,8,66,80,0,13,65,168,0,0,1
1790485285.844340,268698629,1,7,59,242,197,71,4,0,192,0,1
1790485285.845330,419369473,1,6,0,0,65,0,237,65,0,0,1
1790485285.861501,268698629,1,7,58,242,197,71,4,0,192,0,1
1790485285.883328,268698629,1,7,56,242,197,71,4,0,192,0,1
1790485285.895366,419369473,1,6,0,0,65,0,240,149,0,0,1
1790485285.904796,268698629,1,7,53,242,197,71,4,0,192,0,1
1790485285.924021,268698629,1,7,255,125,186,71,4,0,192,0,1
1790485285.944416,268698629,1,7,50,242,197,71,4,0,192,0,1
1790485285.944595,419369217,1,8,66,79,255,245,65,168,0,0,1
1790485285.945332,419369473,1,6,0,0,65,0,243,227,0,0,1
1790485285.945576,419369729,1,4,4,176,0,75,0,0,0,0,1
1790485285.961686,268698629,1,7,48,242,197,71,4,0,192,0,1
1790485285.985241,268698629,1,7,45,242,197,71,4,0,192,0,1
1790485285.995378,419369473,1,6,0,0,65,0,247,42,0,0,1
1790485286.003582,268698629,1,7,43,242,197,71,4,0,192,0,1
1790485286.024756,268698629,1,7,41,242,197,71,4,0,192,0,1
1790485286.042811,268698629,1,7,39,242,197,71,4,0,192,0,1
1790485286.042912,419369217,1,8,66,79,255,221,65,168,0,0,1
1790485286.045321,419369473,1,6,0,0,65,0,250,107,0,0,1
1790485286.060934,268698629,1,7,37,242,197,71,4,0,192,0,1
1790485286.083396,268698629,1,7,35,242,197,71,4,0,192,0,1
1790485286.095362,419369473,1,6,0,0,65,0,253,166,0,0,1
1790485286.103297,268698629,1,7,33,242,197,71,4,0,192,0,1
1790485286.125133,268698629,1,7,234,125,186,71,4,0,192,0,1
1790485286.141427,268698629,1,7,29,242,197,71,4,0,192,0,1
1790485286.141528,419369217,1,8,66,79,255,198,65,168,0,0,1
1790485286.145466,419369473,1,6,0,0,65,1,0,219,0,0,1
1790485286.145611,419369729,1,4,4,176,0,75,0,0,0,0,1
1790485286.162228,268698629,1,7,26,242,197,71,4,0,192,0,1
1790485286.183590,268698629,1,7,24,242,197,71,4,0,192,0,1
1790485286.195405,419369473,1,6,0,0,65,1,4,8,0,0,1
1790485286.204927,268698629,1,7,21,242,197,71,4,0,192,0,1
1790485286.220964,268698629,1,7,19,242,197,71,4,0,192,0,1
1790485286.241399,419369217,1,8,66,79,255,174,65,168,0,0,1
1790485286.245385,268698629,1,7,16,242,197,71,4,0,192,0,1
1790485286.245484,419369473,1,6,0,0,65,1,7,48,0,0,1
1790485286.263422,268698629,1,7,14,242,197,71,4,0,192,0,1
1790485286.285136,268698629,1,7,12,242,197,71,4,0,192,0,1
1790485286.295372,419369473,1,6,0,0,65,1,10,78,0,0,1
1790485286.303232,268698629,1,7,10,242,197,71,4,0,192,0,1
1790485286.325030,268698629,1,7,212,125,186,71,4,0,192,0,1
1790485286.341684,268698629,1,7,5,242,197,71,4,0,192,0,1
1790485286.341824,419369217,1,8,66,79,255,150,65,168,0,0,1
1790485286.345359,419369473,1,6,0,0,65,1,13,103,0,0,1
1790485286.345498,419369729,1,4,4,176,0,75,0,0,0,0,1
1790485286.365559,268698629,1,7,2,242,197,71,4,0,192,0,1
1790485286.383208,268698629,1,7,0,242,197,71,4,0,192,0,1
1790485286.393562,419369473,1,6,0,0,65,1,16,94,0,0,1
1790485286.402167,268698629,1,7,253,241,197,71,4,0,192,0,1
1790485286.425219,268698629,1,7,250,241,197,71,4,0,192,0,1
1790485286.443142,268698629,1,7,248,241,197,71,4,0,192,0,1
1790485286.443246,419369217,1,8,66,79,255,126,65,168,0,0,1
1790485286.445334,419369473,1,6,0,0,65,1,19,133,0,0,1
1790485286.461413,268698629,1,7,245,241,197,71,4,0,192,0,1
1790485286.484007,268698629,1,7,242,241,197,71,4,0,192,0,1
1790485286.495363,419369473,1,6,0,0,65,1,22,138,0,0,1
1790485286.504913,268698629,1,7,240,241,197,71,4,0,192,0,1
1790485286.520892,268698629,1,7,188,125,186,71,4,0,192,0,1
1790485286.541358,419369217,1,8,66,79,255,103,65,168,0,0,1
1790485286.545414,419369473,1,6,0,0,65,1,25,135,0,0,1
1790485286.545859,268698629,1,7,234,241,197,71,4,0,192,0,1
1790485286.545996,419369729,1,4,4,176,0,75,0,0,0,0,1
1790485286.561356,268698629,1,7,232,241,197,71,4,0,192,0,1
1790485286.583029,268698629,1,7,229,241,197,71,4,0,192,0,1
1790485286.595401,419369473,1,6,0,0,65,1,28,125,0,0,1
1790485286.603838,268698629,1,7,226,241,197,71,4,0,192,0,1
1790485286.622052,268698629,1,7,223,241,197,71,4,0,192,0,1
1790485286.644558,419369217,1,8,66,79,255,78,65,168,0,0,1
1790485286.645331,268698629,1,7,220,241,197,71,4,0,192,0,1
1790485286.645473,419369473,1,6,0,0,65,1,31,110,0,0,1
1790485286.663138,268698629,1,7,218,241,197,71,4,0,192,0,1
1790485286.684104,268698629,1,7,215,241,197,71,4,0,192,0,1
1790485286.695389,419369473,1,6,0,0,65,1,34,83,0,0,1
1790485286.703623,268698629,1,7,212,241,197,71,4,0,192,0,1
1790485286.722915,268698629,1,7,161,125,186,71,4,0,192,0,1
1790485286.741067,419369217,1,8,66,79,255,55,65,168,0,0,1
1790485286.741240,268698629,1,7,206,241,197,71,4,0,192,0,1
1790485286.745375,419369473,1,6,0,0,65,1,37,51,0,0,1
1790485286.745558,419369729,1,4,4,176,0,75,0,0,0,0,1
1790485286.763111,268698629,1,7,203,241,197,71,4,0,192,0,1
1790485286.780998,268698629,1,7,200,241,197,71,4,0,192,0,1
1790485286.795375,419369473,1,6,0,0,65,1,40,11,0,0,1
1790485286.805023,268698629,1,7,197,241,197,71,4,0,192,0,1
1790485286.821099,268698629,1,7,194,241,197,71,4,0,192,0,1
1790485286.842080,419369217,1,8,66,79,255,31,65,168,0,0,1
1790485286.845373,268698629,1,7,190,241,197,71,4,0,192,0,1
1790485286.845538,419369473,1,6,0,0,65,1,42,223,0,0,1
1790485286.863339,268698629,1,7,188,241,197,71,4,0,192,0,1
1790485286.884056,268698629,1,7,184,241,197,71,4,0,192,0,1
1790485286.895397,419369473,1,6,0,0,65,1,45,166,0,0,1
1790485286.902990,268698629,1,7,181,241,197,71,4,0,192,0,1
1790485286.925038,268698629,1,7,131,125,186,71,4,0,192,0,1
1790485286.944125,268698629,1,7,175,241,197,71,4,0,192,0,1
1790485286.944308,419369217,1,8,66,79,255,7,65,168,0,0,1
1790485286.945333,419369473,1,6,0,0,65,1,48,103,0,0,1
1790485286.945433,419369729,1,4,4,176,0,75,0,0,0,0,1
1790485286.964214,268698629,1,7,172,241,197,71,4,0,192,0,1
1790485286.984866,268698629,1,7,168,241,197,71,4,0,192,0,1
1790485286.995380,419369473,1,6,0,0,65,1,51,33,0,0,1
1790485287.003876,268698629,1,7,165,241,197,71,4,0,192,0,1
1790485287.022188,268698629,1,7,162,241,197,71,4,0,192,0,1
1790485287.044886,419369217,1,8,66,79,254,239,65,168,0,0,1
1790485287.045333,268698629,1,7,158,241,197,71,4,0,192,0,1
1790485287.045481,419369473,1,6,0,0,65,1,53,212,0,0,1
1790485287.061735,268698629,1,7,156,241,197,71,4,0,192,0,1
1790485287.083496,268698629,1,7,152,241,197,71,4,0,192,0,1
1790485287.095375,419369473,1,6,0,0,65,1,56,124,0,0,1
1790485287.103104,268698629,1,7,149,241,197,71,4,0,192,0,1
1790485287.124241,268698629,1,7,100,125,186,71,4,0,192,0,1
1790485287.141987,419369217,1,8,66,79,254,216,65,168,0,0,1
1790485287.142126,268698629,1,7,142,241,197,71,4,0,192,0,1
1790485287.145390,419369473,1,6,0,0,65,1,59,30,0,0,1
1790485287.146137,419369729,1,4,4,176,0,75,0,0,0,0,1
1790485287.161668,268698629,1,7,139,241,197,71,4,0,192,0,1
1790485287.184917,268698629,1,7,135,241,197,71,4,0,192,0,1
1790485287.195363,419369473,1,6,0,0,65,1,61,184,0,0,1
1790485287.202023,268698629,1,7,132,241,197,71,4,0,192,0,1
1790485287.225332,268698629,1,7,127,241,197,71,4,0,192,0,1
1790485287.243711,268698629,1,7,124,241,197,71,4,0,192,0,1
1790485287.244955,419369217,1,8,66,79,254,192,65,168,0,0,1
1790485287.245335,419369473,1,6,0,0,65,1,64,74,0,0,1
1790485287.261041,268698629,1,7,121,241,197,71,4,0,192,0,1
1790485287.284788,268698629,1,7,117,241,197,71,4,0,192,0,1
1790485287.295395,419369473,1,6,0,0,65,1,66,212,0,0,1
1790485287.301681,268698629,1,7,114,241,197,71,4,0,192,0,1
1790485287.322068,268698629,1,7,66,125,186,71,4,0,192,0,1
1790485287.344662,419369217,1,8,66,79,254,168,65,168,0,0,1
1790485287.345357,268698629,1,7,106,241,197,71,4,0,192,0,1
1790485287.345472,419369729,1,4,4,176,0,75,0,0,0,0,1
1790485287.345519,419369473,1,6,0,0,65,1,69,87,0,0,1
1790485287.364613,268698629,1,7,102,241,197,71,4,0,192,0,1
1790485287.384344,268698629,1,7,99,241,197,71,4,0,192,0,1
1790485287.395383,419369473,1,6,0,0,65,1,71,206,0,0,1
1790485287.400953,268698629,1,7,95,241,197,71,4,0,192,0,1
1790485287.425296,268698629,1,7,91,241,197,71,4,0,192,0,1
1790485287.443002,268698629,1,7,88,241,197,71,4,0,192,0,1
1790485287.443113,419369217,1,8,66,79,254,145,65,168,0,0,1
1790485287.445363,419369473,1,6,0,0,65,1,74,62,0,0,1
1790485287.463532,268698629,1,7,84,241,197,71,4,0,192,0,1
1790485287.484861,268698629,1,7,80,241,197,71,4,0,192,0,1
1790485287.495337,419369473,1,6,0,0,65,1,76,166,0,0,1
1790485287.504038,268698629,1,7,76,241,197,71,4,0,192,0,1
1790485287.523290,268698629,1,7,30,125,186,71,4,0,192,0,1
1790485287.542773,419369217,1,8,66,79,254,121,65,168,0,0,1
1790485287.545057,268698629,1,7,68,241,197,71,4,0,192,0,1
1790485287.545334,419369473,1,6,0,0,65,1,79,5,0,0,1
1790485287.545424,419369729,1,4,4,176,0,75,0,0,0,0,1
1790485287.561374,268698629,1,7,65,241,197,71,4,0,192,0,1
1790485287.582783,268698629,1,7,61,241,197,71,4,0,192,0,1
1790485287.595400,419369473,1,6,0,0,65,1,81,93,0,0,1
1790485287.604966,268698629,1,7,56,241,197,71,4,0,192,0,1
1790485287.621099,268698629,1,7,53,241,197,71,4,0,192,0,1
1790485287.644743,419369217,1,8,66,79,254,97,65,168,0,0,1
1790485287.645395,419369473,1,6,0,0,65,1,83,171,0,0,1
1790485287.645659,268698629,1,7,48,241,197,71,4,0,192,0,1
1790485287.663932,268698629,1,7,44,241,197,71,4,0,192,0,1
1790485287.682260,268698629,1,7,41,241,197,71,4,0,192,0,1
1790485287.695412,419369473,1,6,0,0,65,1,85,241,0,0,1
1790485287.702878,268698629,1,7,37,241,197,71,4,0,192,0,1
1790485287.721376,268698629,1,7,249,124,186,71,4,0,192,0,1
1790485287.740287,419369217,1,8,66,79,254,75,65,168,0,0,1
1790485287.745433,419369473,1,6,0,0,65,1,88,46,0,0,1
1790485287.745672,268698629,1,7,28,241,197,71,4,0,192,0,1
1790485287.745734,419369729,1,4,4,176,0,75,0,0,0,0,1
1790485287.761434,268698629,1,7,24,241,197,71,4,0,192,0,1
1790485287.783827,268698629,1,7,20,241,197,71,4,0,192,0,1
1790485287.795395,419369473,1,6,0,0,65,1,90,98,0,0,1
1790485287.800914,268698629,1,7,16,241,197,71,4,0,192,0,1
1790485287.822186,268698629,1,7,12,241,197,71,4,0,192,0,1
1790485287.843449,419369217,1,8,66,79,254,51,65,168,0,0,1
1790485287.845368,268698629,1,7,7,241,197,71,4,0,192,0,1
1790485287.845489,419369473,1,6,0,0,65,1,92,142,0,0,1
1790485287.862464,268698629,1,7,3,241,197,71,4,0,192,0,1
1790485287.884294,268698629,1,7,255,240,197,71,4,0,192,0,1
1790485287.895463,419369473,1,6,0,0,65,1,94,176,0,0,1
1790485287.901936,268698629,1,7,251,240,197,71,4,0,192,0,1
1790485287.924736,268698629,1,7,208,124,186,71,4,0,192,0,1
1790485287.943508,268698629,1,7,242,240,197,71,4,0,192,0,1
1790485287.943698,419369217,1,8,66,79,254,27,65,168,0,0,1
1790485287.945358,419369473,1,6,0,0,65,1,96,200,0,0,1
1790485287.945560,419369729,1,4,4,176,0,75,0,0,0,0,1
1790485287.963771,268698629,1,7,237,240,197,71,4,0,192,0,1
1790485287.984673,268698629,1,7,233,240,197,71,4,0,192,0,1
1790485287.995338,419369473,1,6,0,0,65,1,98,217,0,0,1
1790485288.003492,268698629,1,7,229,240,197,71,4,0,192,0,1
1790485288.025047,268698629,1,7,224,240,197,71,4,0,192,0,1
1790485288.044303,268698629,1,7,220,240,197,71,4,0,192,0,1
1790485288.044418,419369217,1,8,66,79,254,4,65,168,0,0,1
1790485288.045363,419369473,1,6,0,0,65,1,100,224,0,0,1
1790485288.062068,268698629,1,7,216,240,197,71,4,0,192,0,1
1790485288.084290,268698629,1,7,211,240,197,71,4,0,192,0,1
1790485288.095363,419369473,1,6,0,0,65,1,102,222,0,0,1
1790485288.104463,268698629,1,7,206,240,197,71,4,0,192,0,1
1790485288.123484,268698629,1,7,166,124,186,71,4,0,192,0,1
1790485288.143453,419369217,1,8,66,79,253,236,65,168,0,0,1
1790485288.143572,268698629,1,7,197,240,197,71,4,0,192,0,1
1790485288.145339,419369473,1,6,0,0,65,1,104,211,0,0,1
1790485288.145494,419369729,1,4,4,176,0,75,0,0,0,0,1
1790485288.161265,268698629,1,7,193,240,197,71,4,0,192,0,1
1790485288.183599,268698629,1,7,188,240,197,71,4,0,192,0,1
1790485288.195395,419369473,1,6,0,0,65,1,106,191,0,0,1
1790485288.201175,268698629,1,7,184,240,197,71,4,0,192,0,1
1790485288.224004,268698629,1,7,179,240,197,71,4,0,192,0,1
1790485288.244661,419369217,1,8,66,79,253,213,65,168,0,0,1
1790485288.244869,268698629,1,7,174,240,197,71,4,0,192,0,1
1790485288.245381,419369473,1,6,0,0,65,1,108,161,0,0,1
1790485288.261650,268698629,1,7,170,240,197,71,4,0,192,0,1
1790485288.281691,268698629,1,7,165,240,197,71,4,0,192,0,1
1790485288.295367,419369473,1,6,0,0,65,1,110,122,0,0,1
1790485288.305331,268698629,1,7,160,240,197,71,4,0,192,0,1
1790485288.323705,268698629,1,7,122,124,186,71,4,0,192,0,1
1790485288.340934,419369217,1,8,66,79,253,190,65,168,0,0,1
1790485288.341091,268698629,1,7,151,240,197,71,4,0,192,0,1
1790485288.345371,419369729,1,4,4,176,0,75,0,0,0,0,1
1790485288.345514,419369473,1,6,0,0,65,1,112,75,0,0,1
1790485288.362159,268698629,1,7,146,240,197,71,4,0,192,0,1
1790485288.384268,268698629,1,7,141,240,197,71,4,0,192,0,1
1790485288.395392,419369473,1,6,0,0,65,1,114,16,0,0,1
1790485288.404406,268698629,1,7,136,240,197,71,4,0,192,0,1
1790485288.422542,268698629,1,7,132,240,197,71,4,0,192,0,1
1790485288.444331,419369217,1,8,66,79,253,166,65,168,0,0,1
1790485288.444756,268698629,1,7,126,240,197,71,4,0,192,0,1
1790485288.445362,419369473,1,6,0,0,65,1,115,204,0,0,1
1790485288.461471,268698629,1,7,122,240,197,71,4,0,192,0,1
1790485288.484736,268698629,1,7,117,240,197,71,4,0,192,0,1
1790485288.495348,419369473,1,6,0,0,65,1,117,128,0,0,1
1790485288.502777,268698629,1,7,112,240,197,71,4,0,192,0,1
1790485288.525025,268698629,1,7,75,124,186,71,4,0,192,0,1
1790485288.543736,268698629,1,7,102,240,197,71,4,0,192,0,1
1790485288.543885,419369217,1,8,66,79,253,143,65,168,0,0,1
1790485288.545376,419369473,1,6,0,0,65,1,119,41,0,0,1
1790485288.545809,419369729,1,4,4,176,0,75,0,0,0,0,1
1790485288.564544,268698629,1,7,97,240,197,71,4,0,192,0,1
1790485288.583365,268698629,1,7,92,240,197,71,4,0,192,0,1
1790485288.595395,419369473,1,6,0,0,65,1,120,201,0,0,1
1790485288.603678,268698629,1,7,87,240,197,71,4,0,192,0,1
1790485288.621230,268698629,1,7,83,240,197,71,4,0,192,0,1
1790485288.640822,419369217,1,8,66,79,253,121,65,168,0,0,1
1790485288.641012,268698629,1,7,78,240,197,71,4,0,192,0,1
1790485288.641082,419369473,1,6,0,0,65,1,122,61,0,0,1
1790485288.665147,268698629,1,7,71,240,197,71,4,0,192,0,1
1790485288.681761,268698629,1,7,67,240,197,71,4,0,192,0,1
1790485288.695371,419369473,1,6,0,0,65,1,123,236,0,0,1
1790485288.702186,268698629,1,7,62,240,197,71,4,0,192,0,1
1790485288.721139,268698629,1,7,28,124,186,71,4,0,192,0,1
1790485288.742229,419369217,1,8,66,79,253,98,65,168,0,0,1
1790485288.745395,419369473,1,6,0,0,65,1,125,112,0,0,1
1790485288.745527,419369729,1,4,4,176,0,75,0,0,0,0,1
1790485288.745638,268698629,1,7,51,240,197,71,4,0,192,0,1
1790485288.761659,268698629,1,7,47,240,197,71,4,0,192,0,1
1790485288.781822,268698629,1,7,41,240,197,71,4,0,192,0,1
1790485288.795455,419369473,1,6,0,0,65,1,126,233,0,0,1
1790485288.802501,268698629,1,7,36,240,197,71,4,0,192,0,1
1790485288.823189,268698629,1,7,30,240,197,71,4,0,192,0,1
1790485288.840169,419369217,1,8,66,79,253,75,65,168,0,0,1
1790485288.841049,268698629,1,7,26,240,197,71,4,0,192,0,1
1790485288.845410,419369473,1,6,0,0,65,1,128,88,0,0,1
1790485288.865706,268698629,1,7,19,240,197,71,4,0,192,0,1
1790485288.881086,268698629,1,7,15,240,197,71,4,0,192,0,1
1790485288.895386,419369473,1,6,0,0,65,1,129,190,0,0,1
1790485288.902908,268698629,1,7,9,240,197,71,4,0,192,0,1
1790485288.924580,268698629,1,7,233,123,186,71,4,0,192,0,1
1790485288.943916,268698629,1,7,254,239,197,71,4,0,192,0,1
1790485288.944118,419369217,1,8,66,79,253,51,65,168,0,0,1
1790485288.945341,419369473,1,6,0,0,65,1,131,25,0,0,1
1790485288.945485,419369729,1,4,4,176,0,75,0,0,0,0,1
1790485288.963569,268698629,1,7,249,239,197,71,4,0,192,0,1
1790485288.984800,268698629,1,7,243,239,197,71,4,0,192,0,1
1790485288.995385,419369473,1,6,0,0,65,1,132,107,0,0,1
1790485289.004705,268698629,1,7,238,239,197,71,4,0,192,0,1
1790485289.023750,268698629,1,7,233,239,197,71,4,0,192,0,1
1790485289.041898,419369217,1,8,66,79,253,29,65,168,0,0,1
1790485289.042065,268698629,1,7,228,239,197,71,4,0,192,0,1
1790485289.045378,419369473,1,6,0,0,65,1,133,179,0,0,1
1790485289.063177,268698629,1,7,222,239,197,71,4,0,192,0,1
1790485289.084469,268698629,1,7,216,239,197,71,4,0,192,0,1
1790485289.095396,419369473,1,6,0,0,65,1,134,241,0,0,1
1790485289.103632,268698629,1,7,211,239,197,71,4,0,192,0,1
1790485289.121010,268698629,1,7,182,123,186,71,4,0,192,0,1
1790485289.140776,419369217,1,8,66,79,253,6,65,168,0,0,1
1790485289.145349,419369473,1,6,0,0,65,1,136,37,0,0,1
1790485289.145512,268698629,1,7,199,239,197,71,4,0,192,0,1
1790485289.145636,419369729,1,4,4,176,0,75,0,0,0,0,1
1790485289.161065,268698629,1,7,195,239,197,71,4,0,192,0,1
1790485289.184170,268698629,1,7,188,239,197,71,4,0,192,0,1
1790485289.195403,419369473,1,6,0,0,65,1,137,79,0,0,1
1790485289.204520,268698629,1,7,182,239,197,71,4,0,192,0,1
1790485289.223881,268698629,1,7,177,239,197,71,4,0,192,0,1
1790485289.240953,268698629,1,7,172,239,197,71,4,0,192,0,1
1790485289.241036,419369217,1,8,66,79,252,239,65,168,0,0,1
1790485289.245352,419369473,1,6,0,0,65,1,138,110,0,0,1
1790485289.263186,268698629,1,7,166,239,197,71,4,0,192,0,1
1790485289.283678,268698629,1,7,160,239,197,71,4,0,192,0,1
1790485289.295490,419369473,1,6,0,0,65,1,139,132,0,0,1
1790485289.302385,268698629,1,7,155,239,197,71,4,0,192,0,1
1790485289.323486,268698629,1,7,127,123,186,71,4,0,192,0,1
1790485289.344532,268698629,1,7,143,239,197,71,4,0,192,0,1
1790485289.344686,419369217,1,8,66,79,252,216,65,168,0,0,1
1790485289.345358,419369473,1,6,0,0,65,1,140,144,0,0,1
1790485289.345460,419369729,1,4,4,176,0,75,0,0,0,0,1
1790485289.363084,268698629,1,7,137,239,197,71,4,0,192,0,1
1790485289.384729,268698629,1,7,131,239,197,71,4,0,192,0,1
1790485289.395470,419369473,1,6,0,0,65,1,141,145,0,0,1
1790485289.404262,268698629,1,7,125,239,197,71,4,0,192,0,1
1790485289.422021,268698629,1,7,120,239,197,71,4,0,192,0,1
1790485289.444591,419369217,1,8,66,79,252,193,65,168,0,0,1
1790485289.445372,268698629,1,7,113,239,197,71,4,0,192,0,1
1790485289.445480,419369473,1,6,0,0,65,1,142,137,0,0,1
1790485289.461065,268698629,1,7,109,239,197,71,4,0,192,0,1
1790485289.485710,268698629,1,7,101,239,197,71,4,0,192,0,1
1790485289.495409,419369473,1,6,0,0,65,1,143,117,0,0,1
1790485289.503722,268698629,1,7,96,239,197,71,4,0,192,0,1
1790485289.524358,268698629,1,7,71,123,186,71,4,0,192,0,1
1790485289.542327,268698629,1,7,85,239,197,71,4,0,192,0,1
1790485289.542493,419369217,1,8,66,79,252,171,65,168,0,0,1
1790485289.545393,419369473,1,6,0,0,65,1,144,88,0,0,1
1790485289.545526,419369729,1,4,4,176,0,75,0,0,0,0,1
1790485289.562314,268698629,1,7,79,239,197,71,4,0,192,0,1
1790485289.583665,268698629,1,7,72,239,197,71,4,0,192,0,1
1790485289.595424,419369473,1,6,0,0,65,1,145,49,0,0,1
1790485289.603619,268698629,1,7,66,239,197,71,4,0,192,0,1
1790485289.622514,268698629,1,7,60,239,197,71,4,0,192,0,1
1790485289.644763,419369217,1,8,66,79,252,148,65,168,0,0,1
1790485289.645371,268698629,1,7,54,239,197,71,4,0,192,0,1
1790485289.645472,419369473,1,6,0,0,65,1,145,255,0,0,1
1790485289.662762,268698629,1,7,48,239,197,71,4,0,192,0,1
1790485289.685225,268698629,1,7,41,239,197,71,4,0,192,0,1
1790485289.695361,419369473,1,6,0,0,65,1,146,195,0,0,1
1790485289.703700,268698629,1,7,36,239,197,71,4,0,192,0,1
1790485289.722068,268698629,1,7,14,123,186,71,4,0,192,0,1
1790485289.744959,419369217,1,8,66,79,252,126,65,168,0,0,1
1790485289.745397,268698629,1,7,23,239,197,71,4,0,192,0,1
1790485289.745522,419369473,1,6,0,0,65,1,147,125,0,0,1
1790485289.745612,419369729,1,4,4,176,0,75,0,0,0,0,1
1790485289.762033,268698629,1,7,18,239,197,71,4,0,192,0,1
1790485289.783772,268698629,1,7,11,239,197,71,4,0,192,0,1
1790485289.795412,419369473,1,6,0,0,65,1,148,44,0,0,1
1790485289.802348,268698629,1,7,6,239,197,71,4,0,192,0,1
1790485289.823638,268698629,1,7,255,238,197,71,4,0,192,0,1
1790485289.843913,419369217,1,8,66,79,252,104,65,168,0,0,1
1790485289.844102,268698629,1,7,249,238,197,71,4,0,192,0,1
1790485289.845371,419369473,1,6,0,0,65,1,148,209,0,0,1
1790485289.863763,268698629,1,7,242,238,197,71,4,0,192,0,1
1790485289.881040,268698629,1,7,237,238,197,71,4,0,192,0,1
1790485289.895458,419369473,1,6,0,0,65,1,149,108,0,0,1
1790485289.902868,268698629,1,7,230,238,197,71,4,0,192,0,1
1790485289.921946,268698629,1,7,211,122,186,71,4,0,192,0,1
1790485289.944219,419369217,1,8,66,79,252,81,65,168,0,0,1
1790485289.945402,268698629,1,7,217,238,197,71,4,0,192,0,1
1790485289.945483,419369473,1,6,0,0,65,1,149,252,0,0,1
1790485289.945524,419369729,1,4,4,176,0,75,0,0,0,0,1
1790485289.961080,268698629,1,7,212,238,197,71,4,0,192,0,1
1790485289.985056,268698629,1,7,204,238,197,71,4,0,192,0,1
1790485289.995462,419369473,1,6,0,0,65,1,150,130,0,0,1
1790485290.004572,268698629,1,7,198,238,197,71,4,0,192,0,1
1790485290.024219,268698629,1,7,192,238,197,71,4,0,192,0,1
1790485290.041864,268698629,1,7,186,238,197,71,4,0,192,0,1
1790485290.042108,419369217,1,8,66,79,252,59,65,168,0,0,1
1790485290.045356,419369473,1,6,0,0,65,1,150,253,0,0,1
1790485290.062183,268698629,1,7,180,238,197,71,4,0,192,0,1
1790485290.083806,268698629,1,7,173,238,197,71,4,0,192,0,1
1790485290.095438,419369473,1,6,0,0,65,1,151,110,0,0,1
1790485290.102704,268698629,1,7,167,238,197,71,4,0,192,0,1
1790485290.125269,268698629,1,7,149,122,186,71,4,0,192,0,1
1790485290.140847,268698629,1,7,154,238,197,71,4,0,192,0,1
1790485290.141038,419369217,1,8,66,79,252,38,65,168,0,0,1
1790485290.145365,419369473,1,6,0,0,65,1,151,212,0,0,1
1790485290.145440,419369729,1,4,4,176,0,75,0,0,0,0,1
1790485290.165153,268698629,1,7,146,238,197,71,4,0,192,0,1
1790485290.182958,268698629,1,7,141,238,197,71,4,0,192,0,1
1790485290.195394,419369473,1,6,0,0,65,1,152,49,0,0,1
1790485290.202786,268698629,1,7,134,238,197,71,4,0,192,0,1
1790485290.225246,268698629,1,7,127,238,197,71,4,0,192,0,1
1790485290.243148,268698629,1,7,121,238,197,71,4,0,192,0,1
1790485290.243331,419369217,1,8,66,79,252,15,65,168,0,0,1
1790485290.245406,419369473,1,6,0,0,65,1,152,130,0,0,1
1790485290.262780,268698629,1,7,114,238,197,71,4,0,192,0,1
1790485290.283901,268698629,1,7,107,238,197,71,4,0,192,0,1
1790485290.295424,419369473,1,6,0,0,65,1,152,202,0,0,1
1790485290.304002,268698629,1,7,101,238,197,71,4,0,192,0,1
1790485290.321126,268698629,1,7,88,122,186,71,4,0,192,0,1
1790485290.339952,419369217,1,8,66,79,251,250,65,168,0,0,1
1790485290.345407,419369473,1,6,0,0,65,1,153,6,0,0,1
1790485290.345571,268698629,1,7,87,238,197,71,4,0,192,0,1
1790485290.345678,419369729,1,4,4,176,0,75,0,0,0,0,1
1790485290.362234,268698629,1,7,81,238,197,71,4,0,192,0,1
1790485290.381732,268698629,1,7,75,238,197,71,4,0,192,0,1
1790485290.395442,419369473,1,6,0,0,65,1,153,57,0,0,1
1790485290.402418,268698629,1,7,68,238,197,71,4,0,192,0,1
1790485290.424888,268698629,1,7,60,238,197,71,4,0,192,0,1
1790485290.443385,268698629,1,7,54,238,197,71,4,0,192,0,1
1790485290.443569,419369217,1,8,66,79,251,227,65,168,0,0,1
1790485290.445352,419369473,1,6,0,0,65,1,153,97,0,0,1
1790485290.463497,268698629,1,7,47,238,197,71,4,0,192,0,1
1790485290.484855,268698629,1,7,40,238,197,71,4,0,192,0,1
1790485290.495403,419369473,1,6,0,0,65,1,153,126,0,0,1
1790485290.503485,268698629,1,7,34,238,197,71,4,0,192,0,1
1790485290.523961,268698629,1,7,23,122,186,71,4,0,192,0,1
1790485290.540828,419369217,1,8,66,79,251,206,65,168,0,0,1
1790485290.541196,268698629,1,7,21,238,197,71,4,0,192,0,1
1790485290.545373,419369473,1,6,0,0,65,1,153,145,0,0,1
1790485290.545471,419369729,1,4,4,176,0,75,0,0,0,0,1
1790485290.562983,268698629,1,7,14,238,197,71,4,0,192,0,1
1790485290.584676,268698629,1,7,6,238,197,71,4,0,192,0,1
1790485290.595423,419369473,1,6,0,0,65,1,153,153,0,0,1
1790485290.604766,268698629,1,7,255,237,197,71,4,0,192,0,1
1790485290.622501,268698629,1,7,249,237,197,71,4,0,192,0,1
1790485290.644289,419369217,1,8,66,79,251,184,65,168,0,0,1
1790485290.644400,268698629,1,7,242,237,197,71,4,0,192,0,1
1790485290.645350,419369473,1,6,0,0,65,1,153,151,0,0,1
1790485290.663398,268698629,1,7,235,237,197,71,4,0,192,0,1
1790485290.681093,268698629,1,7,229,237,197,71,4,0,192,0,1
1790485290.695394,419369473,1,6,0,0,65,1,153,138,0,0,1
1790485290.701760,268698629,1,7,222,237,197,71,4,0,192,0,1
1790485290.722401,268698629,1,7,214,121,186,71,4,0,192,0,1
1790485290.744464,419369217,1,8,66,79,251,162,65,168,0,0,1
1790485290.745339,268698629,1,7,207,237,197,71,4,0,192,0,1
1790485290.745567,419369729,1,4,4,176,0,75,0,0,0,0,1
1790485290.745726,419369473,1,6,0,0,65,1,153,115,0,0,1
1790485290.764343,268698629,1,7,200,237,197,71,4,0,192,0,1
1790485290.783858,268698629,1,7,193,237,197,71,4,0,192,0,1
1790485290.795396,419369473,1,6,0,0,65,1,153,82,0,0,1
1790485290.803829,268698629,1,7,186,237,197,71,4,0,192,0,1
1790485290.823932,268698629,1,7,179,237,197,71,4,0,192,0,1
1790485290.842990,419369217,1,8,66,79,251,141,65,168,0,0,1
1790485290.843161,268698629,1,7,172,237,197,71,4,0,192,0,1
1790485290.845430,419369473,1,6,0,0,65,1,153,38,0,0,1
1790485290.864868,268698629,1,7,165,237,197,71,4,0,192,0,1
1790485290.883670,268698629,1,7,158,237,197,71,4,0,192,0,1
1790485290.895417,419369473,1,6,0,0,65,1,152,239,0,0,1
1790485290.904855,268698629,1,7,151,237,197,71,4,0,192,0,1
1790485290.922613,268698629,1,7,147,121,186,71,4,0,192,0,1
1790485290.944842,419369217,1,8,66,79,251,119,65,168,0,0,1
1790485290.944956,268698629,1,7,136,237,197,71,4,0,192,0,1
1790485290.945389,419369473,1,6,0,0,65,1,152,174,0,0,1
1790485290.945635,419369729,1,4,4,176,0,75,0,0,0,0,1
1790485290.964154,268698629,1,7,129,237,197,71,4,0,192,0,1
1790485290.984154,268698629,1,7,122,237,197,71,4,0,192,0,1
1790485290.995432,419369473,1,6,0,0,65,1,152,99,0,0,1
1790485291.003716,268698629,1,7,115,237,197,71,4,0,192,0,1
1790485291.021333,268698629,1,7,109,237,197,71,4,0,192,0,1
1790485291.041745,419369217,1,8,66,79,251,98,65,168,0,0,1
1790485291.045365,419369473,1,6,0,0,65,1,152,13,0,0,1
1790485291.045460,268698629,1,7,100,237,197,71,4,0,192,0,1
1790485291.062205,268698629,1,7,94,237,197,71,4,0,192,0,1
1790485291.082814,268698629,1,7,87,237,197,71,4,0,192,0,1
1790485291.095427,419369473,1,6,0,0,65,1,151,173,0,0,1
1790485291.103222,268698629,1,7,79,237,197,71,4,0,192,0,1
1790485291.124457,268698629,1,7,78,121,186,71,4,0,192,0,1
1790485291.142338,268698629,1,7,65,237,197,71,4,0,192,0,1
1790485291.142505,419369217,1,8,66,79,251,77,65,168,0,0,1
1790485291.145393,419369473,1,6,0,0,65,1,151,66,0,0,1
1790485291.145576,419369729,1,4,4,176,0,75,0,0,0,0,1
1790485291.163122,268698629,1,7,58,237,197,71,4,0,192,0,1
1790485291.184676,268698629,1,7,50,237,197,71,4,0,192,0,1
1790485291.195418,419369473,1,6,0,0,65,1,150,205,0,0,1
1790485291.201624,268698629,1,7,44,237,197,71,4,0,192,0,1
1790485291.223239,268698629,1,7,36,237,197,71,4,0,192,0,1
1790485291.241266,419369217,1,8,66,79,251,56,65,168,0,0,1
1790485291.244865,268698629,1,7,28,237,197,71,4,0,192,0,1
1790485291.245372,419369473,1,6,0,0,65,1,150,77,0,0,1
1790485291.263577,268698629,1,7,21,237,197,71,4,0,192,0,1
1790485291.283629,268698629,1,7,14,237,197,71,4,0,192,0,1
1790485291.295433,419369473,1,6,0,0,65,1,149,195,0,0,1
1790485291.302612,268698629,1,7,7,237,197,71,4,0,192,0,1
1790485291.320974,268698629,1,7,10,121,186,71,4,0,192,0,1
1790485291.343553,419369217,1,8,66,79,251,34,65,168,0,0,1
1790485291.345405,419369473,1,6,0,0,65,1,149,47,0,0,1
1790485291.345518,419369729,1,4,4,176,0,75,0,0,0,0,1
1790485291.345631,268698629,1,7,247,236,197,71,4,0,192,0,1
1790485291.363750,268698629,1,7,240,236,197,71,4,0,192,0,1
1790485291.382335,268698629,1,7,233,236,197,71,4,0,192,0,1
1790485291.395403,419369473,1,6,0,0,65,1,148,144,0,0,1
1790485291.401705,268698629,1,7,226,236,197,71,4,0,192,0,1
1790485291.421628,268698629,1,7,219,236,197,71,4,0,192,0,1
1790485291.443562,419369217,1,8,66,79,251,14,65,168,0,0,1
1790485291.445365,419369473,1,6,0,0,65,1,147,231,0,0,1
1790485291.445524,268698629,1,7,210,236,197,71,4,0,192,0,1
1790485291.463596,268698629,1,7,203,236,197,71,4,0,192,0,1
1790485291.483826,268698629,1,7,195,236,197,71,4,0,192,0,1
1790485291.495395,419369473,1,6,0,0,65,1,147,51,0,0,1
1790485291.503251,268698629,1,7,188,236,197,71,4,0,192,0,1
1790485291.521006,268698629,1,7,195,120,186,71,4,0,192,0,1
1790485291.542135,419369217,1,8,66,79,250,249,65,168,0,0,1
1790485291.545412,268698629,1,7,172,236,197,71,4,0,192,0,1
1790485291.545655,419369729,1,4,4,176,0,75,0,0,0,0,1
1790485291.545724,419369473,1,6,0,0,65,1,146,116,0,0,1
1790485291.563745,268698629,1,7,165,236,197,71,4,0,192,0,1
1790485291.583620,268698629,1,7,158,236,197,71,4,0,192,0,1
1790485291.595439,419369473,1,6,0,0,65,1,145,173,0,0,1
1790485291.603495,268698629,1,7,150,236,197,71,4,0,192,0,1
1790485291.622886,268698629,1,7,143,236,197,71,4,0,192,0,1
1790485291.644663,419369217,1,8,66,79,250,228,65,168,0,0,1
1790485291.644856,268698629,1,7,134,236,197,71,4,0,192,0,1
1790485291.645374,419369473,1,6,0,0,65,1,144,219,0,0,1
1790485291.663231,268698629,1,7,127,236,197,71,4,0,192,0,1
1790485291.683551,268698629,1,7,120,236,197,71,4,0,192,0,1
1790485291.695408,419369473,1,6,0,0,65,1,143,254,0,0,1
1790485291.704875,268698629,1,7,112,236,197,71,4,0,192,0,1
1790485291.721614,268698629,1,7,122,120,186,71,4,0,192,0,1
1790485291.741552,419369217,1,8,66,79,250,208,65,168,0,0,1
1790485291.745513,419369473,1,6,0,0,65,1,143,23,0,0,1
1790485291.745642,268698629,1,7,96,236,197,71,4,0,192,0,1
1790485291.745709,419369729,1,4,4,176,0,75,0,0,0,0,1
1790485291.763355,268698629,1,7,89,236,197,71,4,0,192,0,1
1790485291.783652,268698629,1,7,81,236,197,71,4,0,192,0,1
1790485291.795422,419369473,1,6,0,0,65,1,142,38,0,0,1
1790485291.802391,268698629,1,7,74,236,197,71,4,0,192,0,1
1790485291.824762,268698629,1,7,66,236,197,71,4,0,192,0,1
1790485291.842216,268698629,1,7,59,236,197,71,4,0,192,0,1
1790485291.842423,419369217,1,8,66,79,250,187,65,168,0,0,1
1790485291.845394,419369473,1,6,0,0,65,1,141,43,0,0,1
1790485291.864925,268698629,1,7,50,236,197,71,4,0,192,0,1
1790485291.882009,268698629,1,7,43,236,197,71,4,0,192,0,1
1790485291.895469,419369473,1,6,0,0,65,1,140,38,0,0,1
1790485291.901270,268698629,1,7,36,236,197,71,4,0,192,0,1
1790485291.921432,268698629,1,7,49,120,186,71,4,0,192,0,1
1790485291.944550,419369217,1,8,66,79,250,166,65,168,0,0,1
1790485291.945379,419369473,1,6,0,0,65,1,139,22,0,0,1
1790485291.945512,268698629,1,7,19,236,197,71,4,0,192,0,1
1790485291.945590,419369729,1,4,4,176,0,75,0,0,0,0,1
1790485291.961437,268698629,1,7,13,236,197,71,4,0,192,0,1
1790485291.984425,268698629,1,7,4,236,197,71,4,0,192,0,1
1790485291.995406,419369473,1,6,0,0,65,1,137,252,0,0,1
1790485292.003002,268698629,1,7,252,235,197,71,4,0,192,0,1
1790485292.021547,268698629,1,7,245,235,197,71,4,0,192,0,1
1790485292.043955,419369217,1,8,66,79,250,146,65,168,0,0,1
1790485292.045417,419369473,1,6,0,0,65,1,136,216,0,0,1
1790485292.045597,268698629,1,7,236,235,197,71,4,0,192,0,1
1790485292.064308,268698629,1,7,228,235,197,71,4,0,192,0,1
1790485292.082688,268698629,1,7,221,235,197,71,4,0,192,0,1
1790485292.095419,419369473,1,6,0,0,65,1,135,171,0,0,1
1790485292.100905,268698629,1,7,214,235,197,71,4,0,192,0,1
1790485292.125134,268698629,1,7,229,119,186,71,4,0,192,0,1
1790485292.140846,268698629,1,7,198,235,197,71,4,0,192,0,1
1790485292.141071,419369217,1,8,66,79,250,127,65,168,0,0,1
1790485292.145452,419369473,1,6,0,0,65,1,134,115,0,0,1
1790485292.145711,419369729,1,4,4,176,0,75,0,0,0,0,1
1790485292.162874,268698629,1,7,190,235,197,71,4,0,192,0,1
1790485292.180840,268698629,1,7,182,235,197,71,4,0,192,0,1
1790485292.195412,419369473,1,6,0,0,65,1,133,49,0,0,1
1790485292.205082,268698629,1,7,173,235,197,71,4,0,192,0,1
1790485292.223101,268698629,1,7,166,235,197,71,4,0,192,0,1
1790485292.242448,419369217,1,8,66,79,250,106,65,168,0,0,1
1790485292.245069,268698629,1,7,157,235,197,71,4,0,192,0,1
1790485292.245519,419369473,1,6,0,0,65,1,131,229,0,0,1
1790485292.263911,268698629,1,7,149,235,197,71,4,0,192,0,1
1790485292.283924,268698629,1,7,142,235,197,71,4,0,192,0,1
1790485292.295554,419369473,1,6,0,0,65,1,130,142,0,0,1
1790485292.300849,268698629,1,7,135,235,197,71,4,0,192,0,1
1790485292.323452,268698629,1,7,154,119,186,71,4,0,192,0,1
1790485292.339948,419369217,1,8,66,79,250,87,65,168,0,0,1
1790485292.341195,268698629,1,7,119,235,197,71,4,0,192,0,1
1790485292.345419,419369729,1,4,4,176,0,75,0,0,0,0,1
1790485292.345566,419369473,1,6,0,0,65,1,129,46,0,0,1
1790485292.364928,268698629,1,7,109,235,197,71,4,0,192,0,1
1790485292.383455,268698629,1,7,102,235,197,71,4,0,192,0,1
1790485292.395399,419369473,1,6,0,0,65,1,127,198,0,0,1
1790485292.404841,268698629,1,7,93,235,197,71,4,0,192,0,1
1790485292.422653,268698629,1,7,86,235,197,71,4,0,192,0,1
1790485292.443698,419369217,1,8,66,79,250,66,65,168,0,0,1
1790485292.443843,419369473,1,6,0,0,65,1,126,94,0,0,1
1790485292.443933,268698629,1,7,77,235,197,71,4,0,192,0,1
1790485292.464538,268698629,1,7,69,235,197,71,4,0,192,0,1
1790485292.483619,268698629,1,7,61,235,197,71,4,0,192,0,1
1790485292.495524,419369473,1,6,0,0,65,1,124,213,0,0,1
1790485292.502346,268698629,1,7,54,235,197,71,4,0,192,0,1
1790485292.522392,268698629,1,7,77,119,186,71,4,0,192,0,1
1790485292.542327,268698629,1,7,38,235,197,71,4,0,192,0,1
1790485292.542518,419369217,1,8,66,79,250,47,65,168,0,0,1
1790485292.545431,419369473,1,6,0,0,65,1,123,78,0,0,1
1790485292.545536,419369729,1,4,4,176,0,75,0,0,0,0,1
1790485292.565202,268698629,1,7,28,235,197,71,4,0,192,0,1
1790485292.583381,268698629,1,7,21,235,197,71,4,0,192,0,1
1790485292.595431,419369473,1,6,0,0,65,1,121,190,0,0,1
1790485292.601372,268698629,1,7,14,235,197,71,4,0,192,0,1
1790485292.624590,268698629,1,7,4,235,197,71,4,0,192,0,1
1790485292.644103,268698629,1,7,252,234,197,71,4,0,192,0,1
1790485292.644846,419369217,1,8,66,79,250,27,65,168,0,0,1
1790485292.645368,419369473,1,6,0,0,65,1,120,36,0,0,1
1790485292.662404,268698629,1,7,245,234,197,71,4,0,192,0,1
1790485292.684642,268698629,1,7,236,234,197,71,4,0,192,0,1
1790485292.695427,419369473,1,6,0,0,65,1,118,128,0,0,1
1790485292.704710,268698629,1,7,228,234,197,71,4,0,192,0,1
1790485292.721178,268698629,1,7,0,119,186,71,4,0,192,0,1
1790485292.739946,419369217,1,8,66,79,250,8,65,168,0,0,1
1790485292.745404,419369473,1,6,0,0,65,1,116,210,0,0,1
1790485292.745541,419369729,1,4,4,176,0,75,0,0,0,0,1
1790485292.745634,268698629,1,7,211,234,197,71,4,0,192,0,1
1790485292.764017,268698629,1,7,203,234,197,71,4,0,192,0,1
1790485292.781755,268698629,1,7,196,234,197,71,4,0,192,0,1
1790485292.795412,419369473,1,6,0,0,65,1,115,27,0,0,1
1790485292.803157,268698629,1,7,187,234,197,71,4,0,192,0,1
1790485292.821793,268698629,1,7,180,234,197,71,4,0,192,0,1
1790485292.842880,419369217,1,8,66,79,249,245,65,168,0,0,1
1790485292.845432,268698629,1,7,170,234,197,71,4,0,192,0,1
1790485292.845686,419369473,1,6,0,0,65,1,113,88,0,0,1
1790485292.864299,268698629,1,7,162,234,197,71,4,0,192,0,1
1790485292.884411,268698629,1,7,154,234,197,71,4,0,192,0,1
1790485292.895418,419369473,1,6,0,0,65,1,111,145,0,0,1
1790485292.903421,268698629,1,7,146,234,197,71,4,0,192,0,1
1790485292.920918,268698629,1,7,178,118,186,71,4,0,192,0,1
1790485292.943161,419369217,1,8,66,79,249,225,65,168,0,0,1
1790485292.945380,419369473,1,6,0,0,65,1,109,190,0,0,1
1790485292.945475,419369729,1,4,4,176,0,75,0,0,0,0,1
1790485292.945547,268698629,1,7,128,234,197,71,4,0,192,0,1
1790485292.961756,268698629,1,7,122,234,197,71,4,0,192,0,1
1790485292.983957,268698629,1,7,113,234,197,71,4,0,192,0,1
1790485292.995392,419369473,1,6,0,0,65,1,107,225,0,0,1
1790485293.004771,268698629,1,7,104,234,197,71,4,0,192,0,1
1790485293.024645,268698629,1,7,96,234,197,71,4,0,192,0,1
1790485293.041251,268698629,1,7,89,234,197,71,4,0,192,0,1
1790485293.041429,419369217,1,8,66,79,249,207,65,168,0,0,1
1790485293.045435,419369473,1,6,0,0,65,1,105,250,0,0,1
1790485293.065563,268698629,1,7,79,234,197,71,4,0,192,0,1
1790485293.083559,268698629,1,7,71,234,197,71,4,0,192,0,1
1790485293.095448,419369473,1,6,0,0,65,1,104,11,0,0,1
1790485293.104265,268698629,1,7,62,234,197,71,4,0,192,0,1
1790485293.122027,268698629,1,7,98,118,186,71,4,0,192,0,1
1790485293.140508,419369217,1,8,66,79,249,188,65,168,0,0,1
1790485293.145399,268698629,1,7,45,234,197,71,4,0,192,0,1
1790485293.145530,419369729,1,4,4,176,0,75,0,0,0,0,1
1790485293.145577,419369473,1,6,0,0,65,1,102,17,0,0,1
1790485293.162732,268698629,1,7,38,234,197,71,4,0,192,0,1
1790485293.184360,268698629,1,7,29,234,197,71,4,0,192,0,1
1790485293.192628,419369473,1,6,0,0,65,1,100,46,0,0,1
1790485293.204064,268698629,1,7,21,234,197,71,4,0,192,0,1
1790485293.223776,268698629,1,7,12,234,197,71,4,0,192,0,1
1790485293.239951,419369217,1,8,66,79,249,169,65,168,0,0,1
1790485293.241255,268698629,1,7,5,234,197,71,4,0,192,0,1
1790485293.245459,419369473,1,6,0,0,65,1,98,6,0,0,1
1790485293.264008,268698629,1,7,252,233,197,71,4,0,192,0,1
1790485293.282680,268698629,1,7,244,233,197,71,4,0,192,0,1
1790485293.295418,419369473,1,6,0,0,65,1,95,242,0,0,1
1790485293.301872,268698629,1,7,236,233,197,71,4,0,192,0,1
1790485293.322279,268698629,1,7,18,118,186,71,4,0,192,0,1
1790485293.343653,419369217,1,8,66,79,249,150,65,168,0,0,1
1790485293.345367,268698629,1,7,217,233,197,71,4,0,192,0,1
1790485293.345512,419369729,1,4,4,176,0,75,0,0,0,0,1
1790485293.345606,419369473,1,6,0,0,65,1,93,211,0,0,1
1790485293.363671,268698629,1,7,210,233,197,71,4,0,192,0,1
1790485293.383519,268698629,1,7,201,233,197,71,4,0,192,0,1
1790485293.395447,419369473,1,6,0,0,65,1,91,175,0,0,1
1790485293.404833,268698629,1,7,192,233,197,71,4,0,192,0,1
1790485293.424794,268698629,1,7,184,233,197,71,4,0,192,0,1
1790485293.442673,419369217,1,8,66,79,249,132,65,168,0,0,1
1790485293.442865,268698629,1,7,176,233,197,71,4,0,192,0,1
1790485293.445386,419369473,1,6,0,0,65,1,89,129,0,0,1
1790485293.463463,268698629,1,7,167,233,197,71,4,0,192,0,1
1790485293.480909,268698629,1,7,160,233,197,71,4,0,192,0,1
1790485293.495426,419369473,1,6,0,0,65,1,87,73,0,0,1
1790485293.503232,268698629,1,7,150,233,197,71,4,0,192,0,1
1790485293.524413,268698629,1,7,193,117,186,71,4,0,192,0,1
1790485293.544323,268698629,1,7,133,233,197,71,4,0,192,0,1
1790485293.544593,419369217,1,8,66,79,249,113,65,168,0,0,1
1790485293.545397,419369473,1,6,0,0,65,1,85,9,0,0,1
1790485293.545874,419369729,1,4,4,176,0,75,0,0,0,0,1
1790485293.563808,268698629,1,7,125,233,197,71,4,0,192,0,1
1790485293.584221,268698629,1,7,116,233,197,71,4,0,192,0,1
1790485293.595443,419369473,1,6,0,0,65,1,82,191,0,0,1
1790485293.604434,268698629,1,7,107,233,197,71,4,0,192,0,1
1790485293.622680,268698629,1,7,100,233,197,71,4,0,192,0,1
1790485293.644791,419369217,1,8,66,79,249,95,65,168,0,0,1
1790485293.644977,268698629,1,7,90,233,197,71,4,0,192,0,1
1790485293.645430,419369473,1,6,0,0,65,1,80,109,0,0,1
1790485293.663555,268698629,1,7,82,233,197,71,4,0,192,0,1
1790485293.681001,268698629,1,7,75,233,197,71,4,0,192,0,1
1790485293.695438,419369473,1,6,0,0,65,1,78,19,0,0,1
1790485293.705714,268698629,1,7,64,233,197,71,4,0,192,0,1
1790485293.721275,268698629,1,7,113,117,186,71,4,0,192,0,1
1790485293.741862,419369217,1,8,66,79,249,77,65,168,0,0,1
1790485293.742056,268698629,1,7,49,233,197,71,4,0,192,0,1
1790485293.742163,419369473,1,6,0,0,65,1,75,216,0,0,1
1790485293.745377,419369729,1,4,4,176,0,75,0,0,0,0,1
1790485293.764161,268698629,1,7,39,233,197,71,4,0,192,0,1
1790485293.783140,268698629,1,7,31,233,197,71,4,0,192,0,1
1790485293.795448,419369473,1,6,0,0,65,1,73,68,0,0,1
1790485293.800895,268698629,1,7,23,233,197,71,4,0,192,0,1
1790485293.824183,268698629,1,7,13,233,197,71,4,0,192,0,1
1790485293.843105,268698629,1,7,5,233,197,71,4,0,192,0,1
1790485293.843226,419369217,1,8,66,79,249,59,65,168,0,0,1
1790485293.845416,419369473,1,6,0,0,65,1,70,209,0,0,1
1790485293.864511,268698629,1,7,252,232,197,71,4,0,192,0,1
1790485293.882856,268698629,1,7,244,232,197,71,4,0,192,0,1
1790485293.895494,419369473,1,6,0,0,65,1,68,84,0,0,1
1790485293.903284,268698629,1,7,235,232,197,71,4,0,192,0,1
1790485293.924671,268698629,1,7,30,117,186,71,4,0,192,0,1
1790485293.944323,268698629,1,7,218,232,197,71,4,0,192,0,1
1790485293.944493,419369217,1,8,66,79,249,41,65,168,0,0,1
1790485293.945388,419369473,1,6,0,0,65,1,65,208,0,0,1
1790485293.945527,419369729,1,4,4,176,0,75,0,0,0,0,1
1790485293.964852,268698629,1,7,209,232,197,71,4,0,192,0,1
1790485293.981944,268698629,1,7,202,232,197,71,4,0,192,0,1
1790485293.995454,419369473,1,6,0,0,65,1,63,67,0,0,1
1790485294.005218,268698629,1,7,191,232,197,71,4,0,192,0,1
1790485294.023702,268698629,1,7,184,232,197,71,4,0,192,0,1
1790485294.042828,268698629,1,7,175,232,197,71,4,0,192,0,1
1790485294.042904,419369217,1,8,66,79,249,23,65,168,0,0,1
1790485294.045440,419369473,1,6,0,0,65,1,60,174,0,0,1
1790485294.064704,268698629,1,7,166,232,197,71,4,0,192,0,1
1790485294.084445,268698629,1,7,157,232,197,71,4,0,192,0,1
1790485294.095414,419369473,1,6,0,0,65,1,58,17,0,0,1
1790485294.101627,268698629,1,7,150,232,197,71,4,0,192,0,1
1790485294.125254,268698629,1,7,203,116,186,71,4,0,192,0,1
1790485294.142536,268698629,1,7,132,232,197,71,4,0,192,0,1
1790485294.142636,419369217,1,8,66,79,249,6,65,168,0,0,1
1790485294.145440,419369729,1,4,4,176,0,75,0,0,0,0,1
1790485294.145550,419369473,1,6,0,0,65,1,55,106,0,0,1
1790485294.162009,268698629,1,7,124,232,197,71,4,0,192,0,1
1790485294.183867,268698629,1,7,114,232,197,71,4,0,192,0,1
1790485294.195459,419369473,1,6,0,0,65,1,52,190,0,0,1
1790485294.201326,268698629,1,7,107,232,197,71,4,0,192,0,1
1790485294.222727,268698629,1,7,97,232,197,71,4,0,192,0,1
1790485294.243475,419369217,1,8,66,79,248,244,65,168,0,0,1
1790485294.243881,268698629,1,7,88,232,197,71,4,0,192,0,1
1790485294.245421,419369473,1,6,0,0,65,1,50,10,0,0,1
1790485294.262993,268698629,1,7,80,232,197,71,4,0,192,0,1
1790485294.285110,268698629,1,7,70,232,197,71,4,0,192,0,1
1790485294.295502,419369473,1,6,0,0,65,1,47,77,0,0,1
1790485294.301039,268698629,1,7,63,232,197,71,4,0,192,0,1
1790485294.321788,268698629,1,7,122,116,186,71,4,0,192,0,1
1790485294.343559,419369217,1,8,66,79,248,227,65,168,0,0,1
1790485294.345506,419369473,1,6,0,0,65,1,44,136,0,0,1
1790485294.345630,419369729,1,4,4,176,0,75,0,0,0,0,1
1790485294.345702,268698629,1,7,44,232,197,71,4,0,192,0,1
1790485294.364582,268698629,1,7,36,232,197,71,4,0,192,0,1
1790485294.384399,268698629,1,7,27,232,197,71,4,0,192,0,1
1790485294.395471,419369473,1,6,0,0,65,1,41,188,0,0,1
1790485294.404146,268698629,1,7,18,232,197,71,4,0,192,0,1
1790485294.424519,268698629,1,7,10,232,197,71,4,0,192,0,1
1790485294.444501,419369217,1,8,66,79,248,210,65,168,0,0,1
1790485294.444696,268698629,1,7,1,232,197,71,4,0,192,0,1
1790485294.445016,419369473,1,6,0,0,65,1,38,238,0,0,1
1790485294.464657,268698629,1,7,248,231,197,71,4,0,192,0,1
1790485294.484804,268698629,1,7,239,231,197,71,4,0,192,0,1
1790485294.495455,419369473,1,6,0,0,65,1,36,13,0,0,1
1790485294.502628,268698629,1,7,232,231,197,71,4,0,192,0,1
1790485294.520917,268698629,1,7,39,116,186,71,4,0,192,0,1
1790485294.544173,419369217,1,8,66,79,248,193,65,168,0,0,1
1790485294.545397,419369473,1,6,0,0,65,1,33,42,0,0,1
1790485294.545488,419369729,1,4,4,176,0,75,0,0,0,0,1
1790485294.545570,268698629,1,7,213,231,197,71,4,0,192,0,1
1790485294.563624,268698629,1,7,205,231,197,71,4,0,192,0,1
1790485294.583589,268698629,1,7,196,231,197,71,4,0,192,0,1
1790485294.595527,419369473,1,6,0,0,65,1,30,62,0,0,1
1790485294.604132,268698629,1,7,187,231,197,71,4,0,192,0,1
1790485294.621479,268698629,1,7,180,231,197,71,4,0,192,0,1
1790485294.644317,419369217,1,8,66,79,248,176,65,168,0,0,1
1790485294.645441,268698629,1,7,169,231,197,71,4,0,192,0,1
1790485294.645555,419369473,1,6,0,0,65,1,27,75,0,0,1
1790485294.662473,268698629,1,7,162,231,197,71,4,0,192,0,1
1790485294.682364,268698629,1,7,153,231,197,71,4,0,192,0,1
1790485294.695423,419369473,1,6,0,0,65,1,24,85,0,0,1
1790485294.703362,268698629,1,7,144,231,197,71,4,0,192,0,1
1790485294.721236,268698629,1,7,212,115,186,71,4,0,192,0,1
1790485294.742474,419369217,1,8,66,79,248,160,65,168,0,0,1
1790485294.745412,419369473,1,6,0,0,65,1,21,85,0,0,1
1790485294.745556,419369729,1,4,4,176,0,75,0,0,0,0,1
1790485294.745609,268698629,1,7,125,231,197,71,4,0,192,0,1
1790485294.763116,268698629,1,7,118,231,197,71,4,0,192,0,1
1790485294.784358,268698629,1,7,108,231,197,71,4,0,192,0,1
1790485294.795437,419369473,1,6,0,0,65,1,18,77,0,0,1
1790485294.802194,268698629,1,7,101,231,197,71,4,0,192,0,1
1790485294.821141,268698629,1,7,92,231,197,71,4,0,192,0,1
1790485294.842669,419369217,1,8,66,79,248,144,65,168,0,0,1
1790485294.845483,419369473,1,6,0,0,65,1,15,63,0,0,1
1790485294.845663,268698629,1,7,82,231,197,71,4,0,192,0,1
1790485294.862772,268698629,1,7,74,231,197,71,4,0,192,0,1
1790485294.882854,268698629,1,7,65,231,197,71,4,0,192,0,1
1790485294.895419,419369473,1,6,0,0,65,1,12,42,0,0,1
1790485294.902231,268698629,1,7,57,231,197,71,4,0,192,0,1
1790485294.922974,268698629,1,7,128,115,186,71,4,0,192,0,1
1790485294.942938,419369217,1,8,66,79,248,127,65,168,0,0,1
1790485294.943277,268698629,1,7,39,231,197,71,4,0,192,0,1
1790485294.945392,419369473,1,6,0,0,65,1,9,14,0,0,1
1790485294.945556,419369729,1,4,4,176,0,75,0,0,0,0,1
1790485294.963473,268698629,1,7,30,231,197,71,4,0,192,0,1
1790485294.984161,268698629,1,7,21,231,197,71,4,0,192,0,1
1790485294.995455,419369473,1,6,0,0,65,1,5,235,0,0,1
1790485295.004317,268698629,1,7,12,231,197,71,4,0,192,0,1
1790485295.023164,268698629,1,7,4,231,197,71,4,0,192,0,1
1790485295.044223,419369217,1,8,66,79,248,111,65,168,0,0,1
1790485295.044862,268698629,1,7,250,230,197,71,4,0,192,0,1
1790485295.045405,419369473,1,6,0,0,65,1,2,194,0,0,1
1790485295.061028,268698629,1,7,243,230,197,71,4,0,192,0,1
1790485295.084380,268698629,1,7,233,230,197,71,4,0,192,0,1
1790485295.095437,419369473,1,6,0,0,65,0,255,146,0,0,1
1790485295.101219,268698629,1,7,225,230,197,71,4,0,192,0,1
1790485295.125278,268698629,1,7,43,115,186,71,4,0,192,0,1
1790485295.143125,268698629,1,7,207,230,197,71,4,0,192,0,1
1790485295.143287,419369217,1,8,66,79,248,95,65,168,0,0,1
1790485295.145399,419369473,1,6,0,0,65,0,252,91,0,0,1
1790485295.145719,419369729,1,4,4,176,0,75,0,0,0,0,1
1790485295.164868,268698629,1,7,197,230,197,71,4,0,192,0,1
1790485295.183175,268698629,1,7,189,230,197,71,4,0,192,0,1
1790485295.195443,419369473,1,6,0,0,65,0,249,30,0,0,1
1790485295.204438,268698629,1,7,180,230,197,71,4,0,192,0,1
1790485295.221739,268698629,1,7,172,230,197,71,4,0,192,0,1
1790485295.244863,419369217,1,8,66,79,248,79,65,168,0,0,1
1790485295.245454,419369473,1,6,0,0,65,0,245,218,0,0,1
1790485295.245563,268698629,1,7,162,230,197,71,4,0,192,0,1
1790485295.260948,268698629,1,7,155,230,197,71,4,0,192,0,1
1790485295.283346,268698629,1,7,145,230,197,71,4,0,192,0,1
1790485295.295605,419369473,1,6,0,0,65,0,242,143,0,0,1
1790485295.303791,268698629,1,7,136,230,197,71,4,0,192,0,1
1790485295.324051,268698629,1,7,216,114,186,71,4,0,192,0,1
1790485295.343080,268698629,1,7,119,230,197,71,4,0,192,0,1
1790485295.343230,419369217,1,8,66,79,248,64,65,168,0,0,1
1790485295.345472,419369473,1,6,0,0,65,0,239,64,0,0,1
1790485295.345683,419369729,1,4,4,176,0,75,0,0,0,0,1
1790485295.364826,268698629,1,7,110,230,197,71,4,0,192,0,1
1790485295.382797,268698629,1,7,102,230,197,71,4,0,192,0,1
1790485295.395513,419369473,1,6,0,0,65,0,235,233,0,0,1
1790485295.402004,268698629,1,7,93,230,197,71,4,0,192,0,1
1790485295.425048,268698629,1,7,83,230,197,71,4,0,192,0,1
1790485295.443496,268698629,1,7,75,230,197,71,4,0,192,0,1
1790485295.443673,419369217,1,8,66,79,248,48,65,168,0,0,1
1790485295.445445,419369473,1,6,0,0,65,0,232,142,0,0,1
1790485295.461533,268698629,1,7,67,230,197,71,4,0,192,0,1
1790485295.484841,268698629,1,7,57,230,197,71,4,0,192,0,1
1790485295.495460,419369473,1,6,0,0,65,0,229,44,0,0,1
1790485295.504016,268698629,1,7,49,230,197,71,4,0,192,0,1
1790485295.522162,268698629,1,7,133,114,186,71,4,0,192,0,1
1790485295.544744,419369217,1,8,66,79,248,33,65,168,0,0,1
1790485295.545333,268698629,1,7,30,230,197,71,4,0,192,0,1
1790485295.545576,419369729,1,4,4,176,0,75,0,0,0,0,1
1790485295.545715,419369473,1,6,0,0,65,0,225,191,0,0,1
1790485295.562611,268698629,1,7,23,230,197,71,4,0,192,0,1
1790485295.583751,268698629,1,7,14,230,197,71,4,0,192,0,1
1790485295.595445,419369473,1,6,0,0,65,0,222,86,0,0,1
1790485295.603898,268698629,1,7,5,230,197,71,4,0,192,0,1
1790485295.623049,268698629,1,7,252,229,197,71,4,0,192,0,1
1790485295.644050,268698629,1,7,243,229,197,71,4,0,192,0,1
1790485295.644268,419369217,1,8,66,79,248,17,65,168,0,0,1
1790485295.645433,419369473,1,6,0,0,65,0,218,226,0,0,1
1790485295.661134,268698629,1,7,236,229,197,71,4,0,192,0,1
1790485295.682202,268698629,1,7,226,229,197,71,4,0,192,0,1
1790485295.695528,419369473,1,6,0,0,65,0,215,105,0,0,1
1790485295.702371,268698629,1,7,217,229,197,71,4,0,192,0,1
1790485295.724952,268698629,1,7,48,114,186,71,4,0,192,0,1
1790485295.741319,268698629,1,7,200,229,197,71,4,0,192,0,1
1790485295.743877,419369217,1,8,66,79,248,3,65,168,0,0,1
1790485295.745415,419369473,1,6,0,0,65,0,211,235,0,0,1
1790485295.745500,419369729,1,4,4,176,0,75,0,0,0,0,1
1790485295.761602,268698629,1,7,191,229,197,71,4,0,192,0,1
1790485295.782289,268698629,1,7,182,229,197,71,4,0,192,0,1
1790485295.795443,419369473,1,6,0,0,65,0,208,103,0,0,1
1790485295.804054,268698629,1,7,173,229,197,71,4,0,192,0,1
1790485295.821780,268698629,1,7,165,229,197,71,4,0,192,0,1
1790485295.841988,419369217,1,8,66,79,247,244,65,168,0,0,1
1790485295.845455,419369473,1,6,0,0,65,0,204,221,0,0,1
1790485295.845618,268698629,1,7,155,229,197,71,4,0,192,0,1
1790485295.863922,268698629,1,7,147,229,197,71,4,0,192,0,1
1790485295.881835,268698629,1,7,139,229,197,71,4,0,192,0,1
1790485295.895448,419369473,1,6,0,0,65,0,201,79,0,0,1
1790485295.905489,268698629,1,7,128,229,197,71,4,0,192,0,1
1790485295.921017,268698629,1,7,222,113,186,71,4,0,192,0,1
1790485295.943739,419369217,1,8,66,79,247,229,65,168,0,0,1
1790485295.943847,419369473,1,6,0,0,65,0,197,216,0,0,1
1790485295.943886,419369729,1,4,4,176,0,75,0,0,0,0,1
1790485295.943927,268698629,1,7,112,229,197,71,4,0,192,0,1
1790485295.962370,268698629,1,7,104,229,197,71,4,0,192,0,1
1790485295.985046,268698629,1,7,94,229,197,71,4,0,192,0,1
1790485295.995459,419369473,1,6,0,0,65,0,194,34,0,0,1
1790485296.002131,268698629,1,7,86,229,197,71,4,0,192,0,1
1790485296.022465,268698629,1,7,77,229,197,71,4,0,192,0,1
1790485296.044314,419369217,1,8,66,79,247,214,65,168,0,0,1
1790485296.045082,268698629,1,7,67,229,197,71,4,0,192,0,1
1790485296.045400,419369473,1,6,0,0,65,0,190,133,0,0,1
1790485296.061748,268698629,1,7,60,229,197,71,4,0,192,0,1
1790485296.084677,268698629,1,7,50,229,197,71,4,0,192,0,1
1790485296.095481,419369473,1,6,0,0,65,0,186,225,0,0,1
1790485296.103599,268698629,1,7,42,229,197,71,4,0,192,0,1
1790485296.122952,268698629,1,7,138,113,186,71,4,0,192,0,1
1790485296.143246,419369217,1,8,66,79,247,200,65,168,0,0,1
1790485296.143424,268698629,1,7,24,229,197,71,4,0,192,0,1
1790485296.145451,419369473,1,6,0,0,65,0,183,58,0,0,1
1790485296.145587,419369729,1,4,4,176,0,75,0,0,0,0,1
1790485296.161412,268698629,1,7,17,229,197,71,4,0,192,0,1
1790485296.183477,268698629,1,7,7,229,197,71,4,0,192,0,1
1790485296.195441,419369473,1,6,0,0,65,0,179,142,0,0,1
1790485296.203530,268698629,1,7,254,228,197,71,4,0,192,0,1
1790485296.223979,268698629,1,7,245,228,197,71,4,0,192,0,1
1790485296.241318,419369217,1,8,66,79,247,186,65,168,0,0,1
1790485296.241556,268698629,1,7,238,228,197,71,4,0,192,0,1
1790485296.245464,419369473,1,6,0,0,65,0,175,221,0,0,1
1790485296.264598,268698629,1,7,228,228,197,71,4,0,192,0,1
1790485296.284674,268698629,1,7,219,228,197,71,4,0,192,0,1
1790485296.295467,419369473,1,6,0,0,65,0,172,40,0,0,1
1790485296.301233,268698629,1,7,212,228,197,71,4,0,192,0,1
1790485296.323759,268698629,1,7,55,113,186,71,4,0,192,0,1
1790485296.340278,419369217,1,8,66,79,247,173,65,168,0,0,1
1790485296.341421,268698629,1,7,194,228,197,71,4,0,192,0,1
1790485296.345425,419369473,1,6,0,0,65,0,168,111,0,0,1
1790485296.345516,419369729,1,4,4,176,0,75,0,0,0,0,1
1790485296.361816,268698629,1,7,185,228,197,71,4,0,192,0,1
1790485296.383182,268698629,1,7,176,228,197,71,4,0,192,0,1
1790485296.395488,419369473,1,6,0,0,65,0,164,176,0,0,1
1790485296.400909,268698629,1,7,168,228,197,71,4,0,192,0,1
1790485296.423858,268698629,1,7,158,228,197,71,4,0,192,0,1
1790485296.442950,419369217,1,8,66,79,247,159,65,168,0,0,1
1790485296.444272,268698629,1,7,150,228,197,71,4,0,192,0,1
1790485296.445409,419369473,1,6,0,0,65,0,160,239,0,0,1
1790485296.461954,268698629,1,7,142,228,197,71,4,0,192,0,1
1790485296.484923,268698629,1,7,132,228,197,71,4,0,192,0,1
1790485296.495403,419369473,1,6,0,0,65,0,157,41,0,0,1
1790485296.504516,268698629,1,7,123,228,197,71,4,0,192,0,1
1790485296.523969,268698629,1,7,228,112,186,71,4,0,192,0,1
1790485296.541321,419369217,1,8,66,79,247,145,65,168,0,0,1
1790485296.541533,268698629,1,7,107,228,197,71,4,0,192,0,1
1790485296.545454,419369729,1,4,4,176,0,75,0,0,0,0,1
1790485296.545582,419369473,1,6,0,0,65,0,153,91,0,0,1
1790485296.561986,268698629,1,7,99,228,197,71,4,0,192,0,1
1790485296.583404,268698629,1,7,89,228,197,71,4,0,192,0,1
1790485296.595487,419369473,1,6,0,0,65,0,149,143,0,0,1
1790485296.604605,268698629,1,7,80,228,197,71,4,0,192,0,1
1790485296.622654,268698629,1,7,72,228,197,71,4,0,192,0,1
1790485296.644800,419369217,1,8,66,79,247,131,65,168,0,0,1
1790485296.645151,268698629,1,7,63,228,197,71,4,0,192,0,1
1790485296.645405,419369473,1,6,0,0,65,0,145,190,0,0,1
1790485296.664205,268698629,1,7,54,228,197,71,4,0,192,0,1
1790485296.681562,268698629,1,7,47,228,197,71,4,0,192,0,1
1790485296.695494,419369473,1,6,0,0,65,0,141,231,0,0,1
1790485296.700939,268698629,1,7,39,228,197,71,4,0,192,0,1
1790485296.724927,268698629,1,7,145,112,186,71,4,0,192,0,1
1790485296.744509,419369217,1,8,66,79,247,118,65,168,0,0,1
1790485296.744632,268698629,1,7,20,228,197,71,4,0,192,0,1
1790485296.745421,419369729,1,4,4,176,0,75,0,0,0,0,1
1790485296.745506,419369473,1,6,0,0,65,0,138,12,0,0,1
1790485296.763264,268698629,1,7,12,228,197,71,4,0,192,0,1
1790485296.780770,268698629,1,7,4,228,197,71,4,0,192,0,1
1790485296.795417,419369473,1,6,0,0,65,0,134,50,0,0,1
1790485296.801858,268698629,1,7,251,227,197,71,4,0,192,0,1
1790485296.822118,268698629,1,7,243,227,197,71,4,0,192,0,1
1790485296.841217,419369217,1,8,66,79,247,105,65,168,0,0,1
1790485296.845424,268698629,1,7,233,227,197,71,4,0,192,0,1
1790485296.845520,419369473,1,6,0,0,65,0,130,79,0,0,1
1790485296.863487,268698629,1,7,225,227,197,71,4,0,192,0,1
1790485296.884292,268698629,1,7,216,227,197,71,4,0,192,0,1
1790485296.895467,419369473,1,6,0,0,65,0,126,109,0,0,1
1790485296.901695,268698629,1,7,208,227,197,71,4,0,192,0,1
1790485296.924279,268698629,1,7,64,112,186,71,4,0,192,0,1
1790485296.943758,268698629,1,7,190,227,197,71,4,0,192,0,1
1790485296.943867,419369217,1,8,66,79,247,92,65,168,0,0,1
1790485296.945415,419369473,1,6,0,0,65,0,122,134,0,0,1
1790485296.945593,419369729,1,4,4,176,0,75,0,0,0,0,1
1790485296.962404,268698629,1,7,182,227,197,71,4,0,192,0,1
1790485296.984912,268698629,1,7,173,227,197,71,4,0,192,0,1
1790485296.995519,419369473,1,6,0,0,65,0,118,155,0,0,1
1790485297.003534,268698629,1,7,165,227,197,71,4,0,192,0,1
1790485297.024912,268698629,1,7,156,227,197,71,4,0,192,0,1
1790485297.041979,268698629,1,7,149,227,197,71,4,0,192,0,1
1790485297.042065,419369217,1,8,66,79,247,80,65,168,0,0,1
1790485297.045473,419369473,1,6,0,0,65,0,114,174,0,0,1
1790485297.062695,268698629,1,7,140,227,197,71,4,0,192,0,1
1790485297.083978,268698629,1,7,131,227,197,71,4,0,192,0,1
1790485297.095452,419369473,1,6,0,0,65,0,110,191,0,0,1
1790485297.101516,268698629,1,7,123,227,197,71,4,0,192,0,1
1790485297.124421,268698629,1,7,238,111,186,71,4,0,192,0,1
1790485297.143732,268698629,1,7,105,227,197,71,4,0,192,0,1
1790485297.143898,419369217,1,8,66,79,247,67,65,168,0,0,1
1790485297.145447,419369473,1,6,0,0,65,0,106,204,0,0,1
1790485297.145579,419369729,1,4,4,176,0,75,0,0,0,0,1
1790485297.161949,268698629,1,7,97,227,197,71,4,0,192,0,1
1790485297.182600,268698629,1,7,89,227,197,71,4,0,192,0,1
1790485297.195476,419369473,1,6,0,0,65,0,102,214,0,0,1
1790485297.203410,268698629,1,7,80,227,197,71,4,0,192,0,1
1790485297.221927,268698629,1,7,72,227,197,71,4,0,192,0,1
1790485297.244923,419369217,1,8,66,79,247,54,65,168,0,0,1
1790485297.245457,268698629,1,7,62,227,197,71,4,0,192,0,1
1790485297.245536,419369473,1,6,0,0,65,0,98,219,0,0,1
1790485297.264172,268698629,1,7,54,227,197,71,4,0,192,0,1
1790485297.281776,268698629,1,7,47,227,197,71,4,0,192,0,1
1790485297.295467,419369473,1,6,0,0,65,0,94,227,0,0,1
1790485297.303277,268698629,1,7,38,227,197,71,4,0,192,0,1
1790485297.323320,268698629,1,7,158,111,186,71,4,0,192,0,1
1790485297.343443,268698629,1,7,21,227,197,71,4,0,192,0,1
1790485297.343565,419369217,1,8,66,79,247,43,65,168,0,0,1
1790485297.345445,419369473,1,6,0,0,65,0,90,230,0,0,1
1790485297.345640,419369729,1,4,4,176,0,75,0,0,0,0,1
1790485297.362622,268698629,1,7,13,227,197,71,4,0,192,0,1
1790485297.384686,268698629,1,7,3,227,197,71,4,0,192,0,1
1790485297.395467,419369473,1,6,0,0,65,0,86,230,0,0,1
1790485297.401848,268698629,1,7,252,226,197,71,4,0,192,0,1
1790485297.421507,268698629,1,7,244,226,197,71,4,0,192,0,1
1790485297.444463,419369217,1,8,66,79,247,30,65,168,0,0,1
1790485297.445431,419369473,1,6,0,0,65,0,82,228,0,0,1
1790485297.445660,268698629,1,7,234,226,197,71,4,0,192,0,1
1790485297.463420,268698629,1,7,226,226,197,71,4,0,192,0,1
1790485297.484154,268698629,1,7,218,226,197,71,4,0,192,0,1
1790485297.495438,419369473,1,6,0,0,65,0,78,224,0,0,1
1790485297.504392,268698629,1,7,209,226,197,71,4,0,192,0,1
1790485297.524432,268698629,1,7,78,111,186,71,4,0,192,0,1
1790485297.541410,268698629,1,7,194,226,197,71,4,0,192,0,1
1790485297.541561,419369217,1,8,66,79,247,19,65,168,0,0,1
1790485297.545464,419369473,1,6,0,0,65,0,74,218,0,0,1
1790485297.545560,419369729,1,4,4,176,0,75,0,0,0,0,1
1790485297.565521,268698629,1,7,184,226,197,71,4,0,192,0,1
1790485297.582945,268698629,1,7,176,226,197,71,4,0,192,0,1
1790485297.595464,419369473,1,6,0,0,65,0,70,211,0,0,1
1790485297.600904,268698629,1,7,169,226,197,71,4,0,192,0,1
1790485297.624440,268698629,1,7,159,226,197,71,4,0,192,0,1
1790485297.644839,268698629,1,7,151,226,197,71,4,0,192,0,1
1790485297.645116,419369217,1,8,66,79,247,7,65,168,0,0,1
1790485297.645442,419369473,1,6,0,0,65,0,66,201,0,0,1
1790485297.663964,268698629,1,7,143,226,197,71,4,0,192,0,1
1790485297.683097,268698629,1,7,135,226,197,71,4,0,192,0,1
1790485297.695465,419369473,1,6,0,0,65,0,62,189,0,0,1
1790485297.703923,268698629,1,7,126,226,197,71,4,0,192,0,1
1790485297.723535,268698629,1,7,255,110,186,71,4,0,192,0,1
1790485297.741193,419369217,1,8,66,79,246,252,65,168,0,0,1
1790485297.745099,268698629,1,7,109,226,197,71,4,0,192,0,1
1790485297.745444,419369729,1,4,4,176,0,75,0,0,0,0,1
1790485297.745545,419369473,1,6,0,0,65,0,58,174,0,0,1
1790485297.760793,268698629,1,7,103,226,197,71,4,0,192,0,1
1790485297.783313,268698629,1,7,93,226,197,71,4,0,192,0,1
1790485297.795487,419369473,1,6,0,0,65,0,54,161,0,0,1
1790485297.801911,268698629,1,7,86,226,197,71,4,0,192,0,1
1790485297.824884,268698629,1,7,76,226,197,71,4,0,192,0,1
1790485297.844042,268698629,1,7,68,226,197,71,4,0,192,0,1
1790485297.844174,419369217,1,8,66,79,246,241,65,168,0,0,1
1790485297.845424,419369473,1,6,0,0,65,0,50,146,0,0,1
1790485297.862501,268698629,1,7,61,226,197,71,4,0,192,0,1
1790485297.881937,268698629,1,7,53,226,197,71,4,0,192,0,1
1790485297.895448,419369473,1,6,0,0,65,0,46,129,0,0,1
1790485297.901906,268698629,1,7,45,226,197,71,4,0,192,0,1
1790485297.921356,268698629,1,7,177,110,186,71,4,0,192,0,1
1790485297.942625,419369217,1,8,66,79,246,230,65,168,0,0,1
1790485297.945425,419369473,1,6,0,0,65,0,42,111,0,0,1
1790485297.945533,268698629,1,7,27,226,197,71,4,0,192,0,1
1790485297.945584,419369729,1,4,4,176,0,75,0,0,0,0,1
1790485297.964060,268698629,1,7,19,226,197,71,4,0,192,0,1
1790485297.984874,268698629,1,7,11,226,197,71,4,0,192,0,1
1790485297.995433,419369473,1,6,0,0,65,0,38,91,0,0,1
1790485298.001497,268698629,1,7,4,226,197,71,4,0,192,0,1
1790485298.023118,268698629,1,7,251,225,197,71,4,0,192,0,1
1790485298.044802,419369217,1,8,66,79,246,219,65,168,0,0,1
1790485298.044967,268698629,1,7,242,225,197,71,4,0,192,0,1
1790485298.045431,419369473,1,6,0,0,65,0,34,71,0,0,1
1790485298.062214,268698629,1,7,235,225,197,71,4,0,192,0,1
1790485298.083749,268698629,1,7,227,225,197,71,4,0,192,0,1
1790485298.095469,419369473,1,6,0,0,65,0,30,49,0,0,1
1790485298.101933,268698629,1,7,219,225,197,71,4,0,192,0,1
1790485298.125246,268698629,1,7,98,110,186,71,4,0,192,0,1
1790485298.143549,419369217,1,8,66,79,246,208,65,168,0,0,1
1790485298.143753,268698629,1,7,202,225,197,71,4,0,192,0,1
1790485298.145420,419369729,1,4,4,176,0,75,0,0,0,0,1
1790485298.145620,419369473,1,6,0,0,65,0,26,23,0,0,1
1790485298.163781,268698629,1,7,194,225,197,71,4,0,192,0,1
1790485298.183826,268698629,1,7,186,225,197,71,4,0,192,0,1
1790485298.193231,419369473,1,6,0,0,65,0,22,52,0,0,1
1790485298.204202,268698629,1,7,178,225,197,71,4,0,192,0,1
1790485298.221921,268698629,1,7,171,225,197,71,4,0,192,0,1
1790485298.241840,419369217,1,8,66,79,246,198,65,168,0,0,1
1790485298.245478,268698629,1,7,161,225,197,71,4,0,192,0,1
1790485298.245556,419369473,1,6,0,0,65,0,17,235,0,0,1
1790485298.263014,268698629,1,7,154,225,197,71,4,0,192,0,1
1790485298.284194,268698629,1,7,146,225,197,71,4,0,192,0,1
1790485298.295454,419369473,1,6,0,0,65,0,13,213,0,0,1
1790485298.303027,268698629,1,7,138,225,197,71,4,0,192,0,1
1790485298.324191,268698629,1,7,22,110,186,71,4,0,192,0,1
1790485298.343330,419369217,1,8,66,79,246,188,65,168,0,0,1
1790485298.343474,268698629,1,7,122,225,197,71,4,0,192,0,1
1790485298.345445,419369473,1,6,0,0,65,0,9,189,0,0,1
1790485298.345731,419369729,1,4,4,176,0,75,0,0,0,0,1
1790485298.363606,268698629,1,7,114,225,197,71,4,0,192,0,1
1790485298.384423,268698629,1,7,106,225,197,71,4,0,192,0,1
1790485298.395471,419369473,1,6,0,0,65,0,5,165,0,0,1
1790485298.404530,268698629,1,7,98,225,197,71,4,0,192,0,1
1790485298.422506,268698629,1,7,91,225,197,71,4,0,192,0,1
1790485298.442682,419369217,1,8,66,79,246,178,65,168,0,0,1
1790485298.445387,268698629,1,7,82,225,197,71,4,0,192,0,1
1790485298.445582,419369473,1,6,0,0,65,0,1,137,0,0,1
1790485298.463974,268698629,1,7,74,225,197,71,4,0,192,0,1
1790485298.484165,268698629,1,7,66,225,197,71,4,0,192,0,1
1790485298.495462,419369473,1,6,0,0,64,255,250,231,0,0,1
1790485298.501824,268698629,1,7,59,225,197,71,4,0,192,0,1
1790485298.520905,268698629,1,7,204,109,186,71,4,0,192,0,1
1790485298.543720,419369217,1,8,66,79,246,168,65,168,0,0,1
1790485298.545455,419369473,1,6,0,0,64,255,242,182,0,0,1
1790485298.545574,419369729,1,4,4,176,0,75,0,0,0,0,1
1790485298.545766,268698629,1,7,42,225,197,71,4,0,192,0,1
1790485298.564274,268698629,1,7,35,225,197,71,4,0,192,0,1
1790485298.583888,268698629,1,7,27,225,197,71,4,0,192,0,1
1790485298.595481,419369473,1,6,0,0,64,255,234,134,0,0,1
1790485298.602883,268698629,1,7,19,225,197,71,4,0,192,0,1
1790485298.625185,268698629,1,7,11,225,197,71,4,0,192,0,1
1790485298.640986,268698629,1,7,5,225,197,71,4,0,192,0,1
1790485298.644548,419369217,1,8,66,79,246,158,65,168,0,0,1
1790485298.645423,419369473,1,6,0,0,64,255,226,86,0,0,1
1790485298.663056,268698629,1,7,252,224,197,71,4,0,192,0,1
1790485298.683093,268698629,1,7,244,224,197,71,4,0,192,0,1
1790485298.695433,419369473,1,6,0,0,64,255,218,39,0,0,1
1790485298.703214,268698629,1,7,236,224,197,71,4,0,192,0,1
1790485298.724673,268698629,1,7,128,109,186,71,4,0,192,0,1
1790485298.744261,268698629,1,7,220,224,197,71,4,0,192,0,1
1790485298.744656,419369217,1,8,66,79,246,148,65,168,0,0,1
1790485298.745420,419369473,1,6,0,0,64,255,209,249,0,0,1
1790485298.745551,419369729,1,4,4,176,0,75,0,0,0,0,1
1790485298.761942,268698629,1,7,213,224,197,71,4,0,192,0,1
1790485298.785036,268698629,1,7,205,224,197,71,4,0,192,0,1
1790485298.795428,419369473,1,6,0,0,64,255,201,203,0,0,1
1790485298.803301,268698629,1,7,197,224,197,71,4,0,192,0,1
1790485298.821588,268698629,1,7,190,224,197,71,4,0,192,0,1
1790485298.841381,419369217,1,8,66,79,246,139,65,168,0,0,1
1790485298.844751,419369473,1,6,0,0,64,255,193,188,0,0,1
1790485298.844879,268698629,1,7,181,224,197,71,4,0,192,0,1
1790485298.864704,268698629,1,7,174,224,197,71,4,0,192,0,1
1790485298.881969,268698629,1,7,167,224,197,71,4,0,192,0,1
1790485298.895498,419369473,1,6,0,0,64,255,185,115,0,0,1
1790485298.901968,268698629,1,7,160,224,197,71,4,0,192,0,1
1790485298.922169,268698629,1,7,55,109,186,71,4,0,192,0,1
1790485298.942643,419369217,1,8,66,79,246,130,65,168,0,0,1
1790485298.945370,268698629,1,7,143,224,197,71,4,0,192,0,1
1790485298.945772,419369729,1,4,4,176,0,75,0,0,0,0,1
1790485298.945925,419369473,1,6,0,0,64,255,177,56,0,0,1
1790485298.964474,268698629,1,7,136,224,197,71,4,0,192,0,1
1790485298.984008,268698629,1,7,128,224,197,71,4,0,192,0,1
1790485298.995468,419369473,1,6,0,0,64,255,169,37,0,0,1
1790485299.004946,268698629,1,7,120,224,197,71,4,0,192,0,1
1790485299.021128,268698629,1,7,114,224,197,71,4,0,192,0,1
1790485299.041725,419369217,1,8,66,79,246,122,65,168,0,0,1
1790485299.045437,419369473,1,6,0,0,64,255,161,2,0,0,1
1790485299.045653,268698629,1,7,105,224,197,71,4,0,192,0,1
1790485299.061708,268698629,1,7,99,224,197,71,4,0,192,0,1
1790485299.081017,268698629,1,7,91,224,197,71,4,0,192,0,1
1790485299.091345,419369473,1,6,0,0,64,255,153,139,0,0,1
1790485299.101693,268698629,1,7,84,224,197,71,4,0,192,0,1
1790485299.125307,268698629,1,7,238,108,186,71,4,0,192,0,1
1790485299.143392,268698629,1,7,68,224,197,71,4,0,192,0,1
1790485299.143574,419369217,1,8,66,79,246,113,65,168,0,0,1
1790485299.145429,419369473,1,6,0,0,64,255,144,193,0,0,1
1790485299.145577,419369729,1,4,4,176,0,75,0,0,0,0,1
1790485299.164212,268698629,1,7,60,224,197,71,4,0,192,0,1
1790485299.180830,268698629,1,7,54,224,197,71,4,0,192,0,1
1790485299.195479,419369473,1,6,0,0,64,255,136,165,0,0,1
1790485299.203732,268698629,1,7,45,224,197,71,4,0,192,0,1
1790485299.224094,268698629,1,7,38,224,197,71,4,0,192,0,1
1790485299.241412,268698629,1,7,31,224,197,71,4,0,192,0,1
1790485299.241717,419369217,1,8,66,79,246,104,65,168,0,0,1
1790485299.245498,419369473,1,6,0,0,64,255,128,137,0,0,1
1790485299.263946,268698629,1,7,23,224,197,71,4,0,192,0,1
1790485299.281204,268698629,1,7,17,224,197,71,4,0,192,0,1
1790485299.295507,419369473,1,6,0,0,64,255,120,115,0,0,1
1790485299.302761,268698629,1,7,9,224,197,71,4,0,192,0,1
1790485299.322780,268698629,1,7,168,108,186,71,4,0,192,0,1
1790485299.344003,419369217,1,8,66,79,246,96,65,168,0,0,1
1790485299.344130,268698629,1,7,249,223,197,71,4,0,192,0,1
1790485299.345468,419369473,1,6,0,0,64,255,112,99,0,0,1
1790485299.345585,419369729,1,4,4,176,0,75,0,0,0,0,1
1790485299.364337,268698629,1,7,242,223,197,71,4,0,192,0,1
1790485299.384638,268698629,1,7,234,223,197,71,4,0,192,0,1
1790485299.395508,419369473,1,6,0,0,64,255,104,82,0,0,1
1790485299.403825,268698629,1,7,227,223,197,71,4,0,192,0,1
1790485299.422433,268698629,1,7,221,223,197,71,4,0,192,0,1
1790485299.444526,419369217,1,8,66,79,246,88,65,168,0,0,1
1790485299.444869,268698629,1,7,212,223,197,71,4,0,192,0,1
1790485299.445429,419369473,1,6,0,0,64,255,96,73,0,0,1
1790485299.462074,268698629,1,7,206,223,197,71,4,0,192,0,1
1790485299.484736,268698629,1,7,198,223,197,71,4,0,192,0,1
1790485299.495536,419369473,1,6,0,0,64,255,88,64,0,0,1
1790485299.501026,268698629,1,7,192,223,197,71,4,0,192,0,1
1790485299.521071,268698629,1,7,99,108,186,71,4,0,192,0,1
1790485299.542409,419369217,1,8,66,79,246,80,65,168,0,0,1
1790485299.545447,419369473,1,6,0,0,64,255,80,64,0,0,1
1790485299.545606,268698629,1,7,176,223,197,71,4,0,192,0,1
1790485299.545658,419369729,1,4,4,176,0,75,0,0,0,0,1
1790485299.563897,268698629,1,7,169,223,197,71,4,0,192,0,1
1790485299.583634,268698629,1,7,162,223,197,71,4,0,192,0,1
1790485299.595464,419369473,1,6,0,0,64,255,72,66,0,0,1
1790485299.603793,268698629,1,7,155,223,197,71,4,0,192,0,1
1790485299.625045,268698629,1,7,147,223,197,71,4,0,192,0,1
1790485299.641111,268698629,1,7,141,223,197,71,4,0,192,0,1
1790485299.642573,419369217,1,8,66,79,246,73,65,168,0,0,1
1790485299.642657,419369473,1,6,0,0,64,255,64,185,0,0,1
1790485299.660802,268698629,1,7,134,223,197,71,4,0,192,0,1
1790485299.684083,268698629,1,7,126,223,197,71,4,0,192,0,1
1790485299.695466,419369473,1,6,0,0,64,255,56,84,0,0,1
1790485299.701713,268698629,1,7,120,223,197,71,4,0,192,0,1
1790485299.725410,268698629,1,7,29,108,186,71,4,0,192,0,1
1790485299.744086,268698629,1,7,105,223,197,71,4,0,192,0,1
1790485299.744266,419369217,1,8,66,79,246,65,65,168,0,0,1
1790485299.745464,419369473,1,6,0,0,64,255,48,100,0,0,1
1790485299.745606,419369729,1,4,4,176,0,75,0,0,0,0,1
1790485299.764318,268698629,1,7,97,223,197,71,4,0,192,0,1
1790485299.783513,268698629,1,7,91,223,197,71,4,0,192,0,1
1790485299.795517,419369473,1,6,0,0,64,255,40,121,0,0,1
1790485299.803434,268698629,1,7,84,223,197,71,4,0,192,0,1
1790485299.821512,268698629,1,7,77,223,197,71,4,0,192,0,1
1790485299.843301,419369217,1,8,66,79,246,58,65,168,0,0,1
1790485299.845453,419369473,1,6,0,0,64,255,32,150,0,0,1
1790485299.845785,268698629,1,7,69,223,197,71,4,0,192,0,1
1790485299.861890,268698629,1,7,63,223,197,71,4,0,192,0,1
1790485299.885324,268698629,1,7,55,223,197,71,4,0,192,0,1
1790485299.895474,419369473,1,6,0,0,64,255,24,183,0,0,1
1790485299.903318,268698629,1,7,49,223,197,71,4,0,192,0,1
1790485299.922781,268698629,1,7,219,107,186,71,4,0,192,0,1
1790485299.944605,419369217,1,8,66,79,246,51,65,168,0,0,1
1790485299.944810,268698629,1,7,34,223,197,71,4,0,192,0,1
1790485299.945442,419369473,1,6,0,0,64,255,16,223,0,0,1
1790485299.945655,419369729,1,4,4,176,0,75,0,0,0,0,1
1790485299.962537,268698629,1,7,28,223,197,71,4,0,192,0,1
1790485299.984909,268698629,1,7,20,223,197,71,4,0,192,0,1
1790485299.995538,419369473,1,6,0,0,64,255,9,8,0,0,1
1790485300.003794,268698629,1,7,14,223,197,71,4,0,192,0,1
1790485300.020796,268698629,1,7,8,223,197,71,4,0,192,0,1
1790485300.044779,419369217,1,8,66,79,246,44,65,168,0,0,1
1790485300.045437,268698629,1,7,255,222,197,71,4,0,192,0,1
1790485300.045585,419369473,1,6,0,0,64,255,1,58,0,0,1
1790485300.062323,268698629,1,7,250,222,197,71,4,0,192,0,1
1790485300.085349,268698629,1,7,242,222,197,71,4,0,192,0,1
1790485300.095552,419369473,1,6,0,0,64,254,249,118,0,0,1
1790485300.103739,268698629,1,7,236,222,197,71,4,0,192,0,1
1790485300.121811,268698629,1,7,153,107,186,71,4,0,192,0,1
1790485300.144175,419369217,1,8,66,79,246,38,65,168,0,0,1
1790485300.145422,268698629,1,7,221,222,197,71,4,0,192,0,1
1790485300.145502,419369473,1,6,0,0,64,254,241,184,0,0,1
1790485300.145539,419369729,1,4,4,176,0,75,0,0,0,0,1
1790485300.161847,268698629,1,7,216,222,197,71,4,0,192,0,1
1790485300.181070,268698629,1,7,209,222,197,71,4,0,192,0,1
1790485300.195472,419369473,1,6,0,0,64,254,234,2,0,0,1
1790485300.205456,268698629,1,7,201,222,197,71,4,0,192,0,1
1790485300.223466,268698629,1,7,195,222,197,71,4,0,192,0,1
1790485300.244798,419369217,1,8,66,79,246,31,65,168,0,0,1
1790485300.245047,268698629,1,7,188,222,197,71,4,0,192,0,1
1790485300.245459,419369473,1,6,0,0,64,254,226,81,0,0,1
1790485300.262386,268698629,1,7,182,222,197,71,4,0,192,0,1
1790485300.283461,268698629,1,7,175,222,197,71,4,0,192,0,1
1790485300.295566,419369473,1,6,0,0,64,254,218,163,0,0,1
1790485300.304318,268698629,1,7,168,222,197,71,4,0,192,0,1
1790485300.323599,268698629,1,7,89,107,186,71,4,0,192,0,1
1790485300.344714,419369217,1,8,66,79,246,25,65,168,0,0,1
1790485300.344901,268698629,1,7,155,222,197,71,4,0,192,0,1
1790485300.345444,419369729,1,4,4,176,0,75,0,0,0,0,1
1790485300.345630,419369473,1,6,0,0,64,254,210,253,0,0,1
1790485300.364787,268698629,1,7,148,222,197,71,4,0,192,0,1
1790485300.384790,268698629,1,7,141,222,197,71,4,0,192,0,1
1790485300.395504,419369473,1,6,0,0,64,254,203,105,0,0,1
1790485300.403967,268698629,1,7,135,222,197,71,4,0,192,0,1
1790485300.424503,268698629,1,7,128,222,197,71,4,0,192,0,1
1790485300.443885,268698629,1,7,122,222,197,71,4,0,192,0,1
1790485300.444099,419369217,1,8,66,79,246,19,65,168,0,0,1
1790485300.445442,419369473,1,6,0,0,64,254,195,216,0,0,1
1790485300.461735,268698629,1,7,116,222,197,71,4,0,192,0,1
1790485300.484140,268698629,1,7,109,222,197,71,4,0,192,0,1
1790485300.495512,419369473,1,6,0,0,64,254,188,76,0,0,1
1790485300.504630,268698629,1,7,102,222,197,71,4,0,192,0,1
1790485300.523533,268698629,1,7,26,107,186,71,4,0,192,0,1
1790485300.544078,419369217,1,8,66,79,246,13,65,168,0,0,1
1790485300.544221,268698629,1,7,89,222,197,71,4,0,192,0,1
1790485300.545462,419369473,1,6,0,0,64,254,180,202,0,0,1
1790485300.545791,419369729,1,4,4,176,0,75,0,0,0,0,1
1790485300.564006,268698629,1,7,83,222,197,71,4,0,192,0,1
1790485300.584595,268698629,1,7,76,222,197,71,4,0,192,0,1
1790485300.595523,419369473,1,6,0,0,64,254,173,79,0,0,1
1790485300.600977,268698629,1,7,71,222,197,71,4,0,192,0,1
1790485300.624510,268698629,1,7,64,222,197,71,4,0,192,0,1
1790485300.644676,268698629,1,7,57,222,197,71,4,0,192,0,1
1790485300.645012,419369217,1,8,66,79,246,8,65,168,0,0,1
1790485300.645451,419369473,1,6,0,0,64,254,165,223,0,0,1
1790485300.663855,268698629,1,7,51,222,197,71,4,0,192,0,1
1790485300.684065,268698629,1,7,45,222,197,71,4,0,192,0,1
1790485300.695512,419369473,1,6,0,0,64,254,158,118,0,0,1
1790485300.701820,268698629,1,7,39,222,197,71,4,0,192,0,1
1790485300.725277,268698629,1,7,221,106,186,71,4,0,192,0,1
1790485300.741783,419369217,1,8,66,79,246,2,65,168,0,0,1
1790485300.741958,268698629,1,7,26,222,197,71,4,0,192,0,1
1790485300.745492,419369473,1,6,0,0,64,254,151,23,0,0,1
1790485300.745805,419369729,1,4,4,176,0,75,0,0,0,0,1
1790485300.761707,268698629,1,7,20,222,197,71,4,0,192,0,1
1790485300.781038,268698629,1,7,14,222,197,71,4,0,192,0,1
1790485300.795532,419369473,1,6,0,0,64,254,143,192,0,0,1
1790485300.803820,268698629,1,7,7,222,197,71,4,0,192,0,1
1790485300.821398,268698629,1,7,2,222,197,71,4,0,192,0,1
1790485300.841820,419369217,1,8,66,79,245,253,65,168,0,0,1
1790485300.845523,419369473,1,6,0,0,64,254,136,117,0,0,1
1790485300.845714,268698629,1,7,250,221,197,71,4,0,192,0,1
1790485300.863819,268698629,1,7,245,221,197,71,4,0,192,0,1
1790485300.883879,268698629,1,7,238,221,197,71,4,0,192,0,1
1790485300.895523,419369473,1,6,0,0,64,254,129,49,0,0,1
1790485300.904496,268698629,1,7,232,221,197,71,4,0,192,0,1
1790485300.924856,268698629,1,7,162,106,186,71,4,0,192,0,1
1790485300.943360,268698629,1,7,220,221,197,71,4,0,192,0,1
1790485300.943550,419369217,1,8,66,79,245,248,65,168,0,0,1
1790485300.945445,419369473,1,6,0,0,64,254,121,249,0,0,1
1790485300.945527,419369729,1,4,4,176,0,75,0,0,0,0,1
1790485300.962362,268698629,1,7,214,221,197,71,4,0,192,0,1
1790485300.984846,268698629,1,7,208,221,197,71,4,0,192,0,1
1790485300.995459,419369473,1,6,0,0,64,254,114,202,0,0,1
1790485301.003776,268698629,1,7,202,221,197,71,4,0,192,0,1
1790485301.023852,268698629,1,7,196,221,197,71,4,0,192,0,1
1790485301.044386,419369217,1,8,66,79,245,244,65,168,0,0,1
1790485301.044507,268698629,1,7,190,221,197,71,4,0,192,0,1
1790485301.045475,419369473,1,6,0,0,64,254,107,164,0,0,1
1790485301.063743,268698629,1,7,184,221,197,71,4,0,192,0,1
1790485301.081022,268698629,1,7,179,221,197,71,4,0,192,0,1
1790485301.095529,419369473,1,6,0,0,64,254,100,137,0,0,1
1790485301.102318,268698629,1,7,172,221,197,71,4,0,192,0,1
1790485301.124743,268698629,1,7,105,106,186,71,4,0,192,0,1
1790485301.144190,268698629,1,7,160,221,197,71,4,0,192,0,1
1790485301.144417,419369217,1,8,66,79,245,239,65,168,0,0,1
1790485301.145487,419369473,1,6,0,0,64,254,93,121,0,0,1
1790485301.145576,419369729,1,4,4,176,0,75,0,0,0,0,1
1790485301.163200,268698629,1,7,154,221,197,71,4,0,192,0,1
1790485301.184286,268698629,1,7,148,221,197,71,4,0,192,0,1
1790485301.195528,419369473,1,6,0,0,64,254,86,115,0,0,1
1790485301.204180,268698629,1,7,142,221,197,71,4,0,192,0,1
1790485301.224606,268698629,1,7,136,221,197,71,4,0,192,0,1
1790485301.242536,268698629,1,7,131,221,197,71,4,0,192,0,1
1790485301.242711,419369217,1,8,66,79,245,235,65,168,0,0,1
1790485301.245541,419369473,1,6,0,0,64,254,79,119,0,0,1
1790485301.264840,268698629,1,7,124,221,197,71,4,0,192,0,1
1790485301.281044,268698629,1,7,120,221,197,71,4,0,192,0,1
1790485301.295526,419369473,1,6,0,0,64,254,72,137,0,0,1
1790485301.301373,268698629,1,7,114,221,197,71,4,0,192,0,1
1790485301.322139,268698629,1,7,50,106,186,71,4,0,192,0,1
1790485301.344774,419369217,1,8,66,79,245,231,65,168,0,0,1
1790485301.345056,268698629,1,7,101,221,197,71,4,0,192,0,1
1790485301.345461,419369729,1,4,4,176,0,75,0,0,0,0,1
1790485301.345564,419369473,1,6,0,0,64,254,65,162,0,0,1
1790485301.361416,268698629,1,7,97,221,197,71,4,0,192,0,1
