t,n_frames,bus_dt_mean,bus_dt_std,cnt_baro,dt_mean_baro,dt_std_baro,pdelta_max_baro,cnt_speed,dt_mean_speed,dt_std_speed,pdelta_max_speed,cnt_gps,dt_mean_gps,dt_std_gps,pdelta_max_gps,cnt_rpm,dt_mean_rpm,dt_std_rpm,pdelta_max_rpm,baro_dalt_max_m,baro_climb_mps,gps_dlat_max,speed_dmax,rpm_dmax,label
1790485251.34,9,0.010502517223358154,0.009292352830959201,5,0.020884573459625244,0.0015965560661240776,10,2,0.0529940128326416,0.0,87,1,0.0,0.0,0,1,0.0,0.0,0,0.006504270050291527,0.06504270050291527,0.0,0.0010595321655273438,0.0,0
1790485251.444,9,0.012433737516403198,0.008564339915073523,5,0.019187986850738525,0.001723789883150239,10,2,0.04980611801147461,0.0,20,2,0.09883403778076172,0.0,24,0,0.0,0.0,0,0.006504291567608345,0.06504291567608345,9.1552734375e-05,0.000995635986328125,0.0,0
1790485251.544,11,0.00995478630065918,0.008767601151952369,6,0.019806957244873045,0.0006963081866499315,247,3,0.04973340034484863,0.0013935565948486328,47,1,0.0,0.0,0,1,0.0,0.0,0,0.005853888183395828,0.05853888183395828,0.0,0.0010213851928710938,0.0,0
1790485251.662,9,0.010210514068603516,0.008803670057439733,5,0.020363807678222656,0.0018690746310433186,10,2,0.04785799980163574,0.0,234,1,0.0,0.0,0,1,0.0,0.0,0,0.006504334617006835,0.06504334617006835,0.0,0.0009555816650390625,0.0,0
1790485251.765,9,0.012025654315948486,0.0067960359606840945,6,0.01924104690551758,0.0014150007443316176,10,2,0.05196380615234375,0.0,195,1,0.0,0.0,0,0,0.0,0.0,0,0.006504348830641549,0.06504348830641549,0.0,0.0010347366333007812,0.0,0
1790485251.883,9,0.00983959436416626,0.008185332544037673,5,0.01967918872833252,0.0013440223370633367,10,2,0.04880499839782715,0.0,7,1,0.0,0.0,0,1,0.0,0.0,0,0.006504373596226687,0.06504373596226687,0.0,0.0009698867797851562,0.0,0
1790485251.986,9,0.012184590101242065,0.00819755927074102,6,0.019495344161987303,0.0008005189247892984,9,2,0.05037879943847656,0.0,23,1,0.0,0.0,0,0,0.0,0.0,0,0.005853955427471691,0.05853955427471691,0.0,0.0009984970092773438,0.0,0
1790485252.095,10,0.010925001568264432,0.008742453730113373,5,0.02001476287841797,0.0008649138137533778,9,3,0.04916250705718994,0.000586390495300293,17,1,0.0,0.0,0,1,0.0,0.0,0,0.00585397150639988,0.0585397150639988,0.0,0.000980377197265625,0.0,0
1790485252.204,9,0.012391895055770874,0.00843932695422676,6,0.0198270320892334,0.0025452392384132756,248,2,0.045642852783203125,0.0,84,1,0.0,0.0,0,0,0.0,0.0,0,0.00650442679892449,0.0650442679892449,0.0,0.000896453857421875,0.0,0
1790485252.322,9,0.01039034128189087,0.008897458711161032,5,0.02078068256378174,0.001632731220236325,10,2,0.052060842514038086,0.0,44,1,0.0,0.0,0,1,0.0,0.0,0,0.006504455226193917,0.06504455226193917,0.0,0.001018524169921875,0.0,0
1790485252.424,9,0.012286752462387085,0.008054684895028598,6,0.019658803939819336,0.0014249047873547186,9,2,0.05025291442871094,0.0,4,1,0.0,0.0,0,0,0.0,0.0,0,0.005854025599910662,0.058540255999106616,0.0,0.0009794235229492188,0.0,0
1790485252.542,9,0.01013559103012085,0.008592009153830843,5,0.02011817693710327,0.0020867207895763754,10,2,0.04936695098876953,0.0,20,1,0.0,0.0,0,1,0.0,0.0,0,0.006504483244968995,0.06504483244968995,0.0,0.000957489013671875,0.0,0
1790485252.644,12,0.009053728797219017,0.008924595250505112,6,0.01976604461669922,0.001578069196984048,10,3,0.04958808422088623,8.213520050048828e-05,25,2,0.09959101676940918,0.0,24,1,0.0,0.0,0,0.0065045043636347,0.065045043636347,9.1552734375e-05,0.0009584426879882812,0.0,0
1790485252.761,8,0.011817148753574916,0.008511693529458918,5,0.02063775062561035,0.000872219057803285,247,2,0.04884195327758789,0.0,43,1,0.0,0.0,0,0,0.0,0.0,0,0.005854076036658773,0.05854076036658773,0.0,0.0009355545043945312,0.0,0
1790485252.862,9,0.010202735662460327,0.008707326241311805,5,0.020319223403930664,0.0013282525539606823,9,2,0.04883599281311035,0.0,50,1,0.0,0.0,0,1,0.0,0.0,0,0.005854091756308799,0.05854091756308799,0.0,0.0009288787841796875,0.0,0
1790485252.962,8,0.011811426707676478,0.008927614892808525,5,0.02065974473953247,0.0020149832657542746,9,2,0.05254006385803223,0.0,17,1,0.0,0.0,0,0,0.0,0.0,0,0.005854110394478695,0.058541103944786954,0.0,0.0009927749633789062,0.0,0
1790485253.065,10,0.010900338490804037,0.0089495448297961,6,0.019620609283447266,0.0022760569703935175,10,2,0.048831939697265625,0.0,63,1,0.0,0.0,0,1,0.0,0.0,0,0.006504580712705099,0.06504580712705099,0.0,0.0009164810180664062,0.0,0
1790485253.182,8,0.011332409722464425,0.008126735944914774,5,0.019831717014312744,0.003493085074851226,10,2,0.05343198776245117,0.0,19,1,0.0,0.0,0,0,0.0,0.0,0,0.006504601417954836,0.06504601417954836,0.0,0.0009946823120117188,0.0,0
1790485253.283,10,0.011085563235812716,0.008303585364346437,6,0.01995401382446289,0.0011202667868150428,9,2,0.047097206115722656,0.0,145,1,0.0,0.0,0,1,0.0,0.0,0,0.005854159733705844,0.05854159733705844,0.0,0.0008707046508789062,0.0,0
1790485253.395,9,0.01240125298500061,0.008629791332311409,5,0.020320773124694824,0.0024472425344999136,247,3,0.04960501194000244,0.0007311105728149414,86,1,0.0,0.0,0,0,0.0,0.0,0,0.006504642439646435,0.06504642439646435,0.0,0.0009164810180664062,0.0,0
1790485253.504,9,0.011347144842147827,0.009182108175151919,5,0.019863486289978027,0.0017685200006211195,9,2,0.05271196365356445,0.0,27,1,0.0,0.0,0,1,0.0,0.0,0,0.005854190439684714,0.058541904396847144,0.0,0.0009508132934570312,0.0,0
1790485253.605,9,0.012293249368667603,0.008406102993471467,6,0.019669198989868165,0.0025460832410540033,10,2,0.0500187873840332,0.0,169,1,0.0,0.0,0,0,0.0,0.0,0,0.006504676551385424,0.06504676551385424,0.0,0.0008935928344726562,0.0,0
1790485253.722,9,0.010213494300842285,0.008777653306219378,5,0.02042698860168457,0.001839815619256773,9,2,0.04906320571899414,0.0,115,1,0.0,0.0,0,1,0.0,0.0,0,0.005854226992546563,0.05854226992546563,0.0,0.0008668899536132812,0.0,0
1790485253.825,9,0.012413114309310913,0.008660548854788943,6,0.01986098289489746,0.0018337710666200726,9,2,0.05136299133300781,0.0,82,1,0.0,0.0,0,0,0.0,0.0,0,0.005854244902316896,0.05854244902316896,0.0,0.0008983612060546875,0.0,0
1790485253.943,12,0.008924809369173918,0.008997056321100897,6,0.01962618827819824,0.0018471555658905053,249,3,0.048865556716918945,0.0031604766845703125,80,2,0.09805011749267578,0.0,22,1,0.0,0.0,0,0.005854259888645741,0.05854259888645741,8.392333984375e-05,0.0009002685546875,0.0,0
1790485254.065,10,0.010946008894178603,0.008317880117839311,6,0.019702816009521486,0.0012602339763724299,9,2,0.05415797233581543,0.0,198,1,0.0,0.0,0,1,0.0,0.0,0,0.005854280721857563,0.05854280721857563,0.0,0.0009212493896484375,0.0,0
1790485254.182,8,0.011590957641601562,0.007943589379970277,5,0.020284175872802734,0.0015149714520694378,9,2,0.05292010307312012,0.0,163,1,0.0,0.0,0,0,0.0,0.0,0,0.005854286568740541,0.05854286568740541,0.0,0.0008878707885742188,0.0,0
1790485254.282,9,0.010249525308609009,0.00890733470347994,5,0.020499050617218018,0.0014338151847833266,9,2,0.049288272857666016,0.0,88,1,0.0,0.0,0,1,0.0,0.0,0,0.005854304119232712,0.05854304119232712,0.0,0.00081634521484375,0.0,0
1790485254.382,8,0.011387995311192103,0.008592010426018485,5,0.01992899179458618,0.0019755137832583114,9,2,0.05154991149902344,0.0,141,1,0.0,0.0,0,0,0.0,0.0,0,0.005854318736440156,0.05854318736440156,0.0,0.0008420944213867188,0.0,0
1790485254.485,10,0.010968473222520616,0.008815876714695149,6,0.01974325180053711,0.0007610022478055066,8,2,0.05150270462036133,0.0,102,1,0.0,0.0,0,1,0.0,0.0,0,0.005203859506620612,0.05203859506620612,0.0,0.0008296966552734375,0.0,0
1790485254.593,8,0.012681722640991211,0.009226054736803248,5,0.020255982875823975,0.0026729892123324144,249,2,0.051115989685058594,0.0,82,1,0.0,0.0,0,0,0.0,0.0,0,0.005854347616498501,0.05854347616498501,0.0,0.0008106231689453125,0.0,0
1790485254.695,10,0.010833846198187934,0.008697280421320876,5,0.019706308841705322,0.0021150439526615994,9,3,0.0487523078918457,0.0009984970092773438,253,1,0.0,0.0,0,1,0.0,0.0,0,0.005854370275630849,0.05854370275630849,0.0,0.0007696151733398438,0.0,0
1790485254.803,8,0.01267702238900321,0.009286002625560218,5,0.020571768283843994,0.0015624594037673364,9,2,0.050222158432006836,0.0,223,1,0.0,0.0,0,0,0.0,0.0,0,0.005854381610118642,0.05854381610118642,0.0,0.0007638931274414062,0.0,0
1790485254.903,9,0.011569738388061523,0.009285205433525524,5,0.02016550302505493,0.000607302488551989,8,2,0.05149483680725098,0.0,39,1,0.0,0.0,0,1,0.0,0.0,0,0.005203909874466062,0.05203909874466062,0.0,0.0007696151733398438,0.0,0
1790485255.004,9,0.012390851974487305,0.00852194262141245,6,0.01982536315917969,0.0016239674368461762,8,2,0.048727989196777344,0.0,18,1,0.0,0.0,0,0,0.0,0.0,0,0.0052039222178856814,0.052039222178856814,0.0,0.0007152557373046875,0.0,0
1790485255.125,10,0.01097477806939019,0.00818589321177627,6,0.019754600524902344,0.0019355869722918672,9,2,0.050093889236450195,0.0,11,1,0.0,0.0,0,1,0.0,0.0,0,0.005854429128346883,0.05854429128346883,0.0,0.0007219314575195312,0.0,0
1790485255.245,12,0.008863904259421608,0.008750631296072144,6,0.019374799728393555,0.0012733799882410455,8,3,0.0484929084777832,0.0008630752563476562,188,2,0.09733200073242188,0.0,22,1,0.0,0.0,0,0.005203951462143808,0.05203951462143808,8.392333984375e-05,0.0006971359252929688,0.0,0
1790485255.365,9,0.012115001678466797,0.0078767998777378,6,0.019384002685546874,0.0010667101802013515,8,2,0.04899001121520996,0.0,63,1,0.0,0.0,0,0,0.0,0.0,0,0.005203963485658214,0.05203963485658214,0.0,0.0006723403930664062,0.0,0
1790485255.485,10,0.01098020871480306,0.008893511127251478,6,0.01976437568664551,0.0013754571398059939,8,2,0.05174994468688965,0.0,40,1,0.0,0.0,0,1,0.0,0.0,0,0.005203982330536094,0.052039823305360944,0.0,0.00069427490234375,0.0,0
1790485255.594,9,0.012391239404678345,0.007954342485140726,5,0.01962977647781372,0.0007118564808674527,8,3,0.04956495761871338,0.0010658502578735352,109,1,0.0,0.0,0,0,0.0,0.0,0,0.0052039894767264006,0.052039894767264006,0.0,0.0006647109985351562,0.0,0
1790485255.704,9,0.011080890893936157,0.009037093348269708,5,0.01965177059173584,0.0012371607209337907,8,2,0.051519155502319336,0.0,84,1,0.0,0.0,0,1,0.0,0.0,0,0.005204003124374967,0.052040031243749674,0.0,0.000652313232421875,0.0,0
1790485255.805,9,0.012450248003005981,0.007908742484500407,6,0.01992039680480957,0.0013861473162334736,8,2,0.05017709732055664,0.0,119,1,0.0,0.0,0,0,0.0,0.0,0,0.005204016776945153,0.05204016776945153,0.0,0.0006189346313476562,0.0,0
1790485255.925,10,0.010797659556070963,0.008924284855182485,6,0.019435787200927736,0.0019011025115536475,7,2,0.052301883697509766,0.0,109,1,0.0,0.0,0,1,0.0,0.0,0,0.004553528465280898,0.04553528465280898,0.0,0.0006284713745117188,0.0,0
1790485256.042,8,0.0118124144417899,0.009017448015304937,5,0.020632505416870117,0.002246057336510627,248,2,0.04873013496398926,0.0,170,1,0.0,0.0,0,0,0.0,0.0,0,0.005204037245957194,0.05204037245957194,0.0,0.0005702972412109375,0.0,0
1790485256.142,9,0.010348260402679443,0.009138894937905337,5,0.02058333158493042,0.0014206288561515307,8,2,0.05187416076660156,0.0,148,1,0.0,0.0,0,1,0.0,0.0,0,0.0052040505687789285,0.052040505687789285,0.0,0.000591278076171875,0.0,0
1790485256.245,12,0.008954004807905718,0.009000595417431324,6,0.019654178619384767,0.0025988872856844178,8,3,0.04863011837005615,0.003062129020690918,79,2,0.09724640846252441,0.0,21,1,0.0,0.0,0,0.0052040616178128385,0.052040616178128385,8.0108642578125e-05,0.0005636215209960938,0.0,0
1790485256.363,8,0.011566911424909319,0.008881734697154527,5,0.02024209499359131,0.0017558097659677134,7,2,0.0505518913269043,0.0,47,1,0.0,0.0,0,0,0.0,0.0,0,0.004553568842240452,0.04553568842240452,0.0,0.0005331039428710938,0.0,0
1790485256.465,9,0.010094255208969116,0.00870949446294407,5,0.020024001598358154,0.0006814861838902888,7,2,0.05402803421020508,0.0,66,1,0.0,0.0,0,1,0.0,0.0,0,0.004553578222845633,0.045535782228456334,0.0,0.0005512237548828125,0.0,0
1790485256.565,9,0.012267738580703735,0.007761043171934897,6,0.019628381729125975,0.0017229148904094795,8,2,0.051203012466430664,0.0,17,1,0.0,0.0,0,0,0.0,0.0,0,0.005204095734473446,0.05204095734473446,0.0,0.0005044937133789062,0.0,0
1790485256.683,10,0.011018117268880209,0.007830050504409571,6,0.019832611083984375,0.0014989374437448866,7,2,0.05114293098449707,0.0,2,1,0.0,0.0,0,1,0.0,0.0,0,0.0045535981258715275,0.045535981258715275,0.0,0.0004863739013671875,0.0,0
1790485256.793,8,0.013011183057512556,0.00873480074912962,5,0.019767284393310547,0.0025024791188513053,250,2,0.05103611946105957,0.0,22,1,0.0,0.0,0,0,0.0,0.0,0,0.004553605232688884,0.04553605232688884,0.0,0.0004673004150390625,0.0,0
1790485256.894,10,0.010863436592949761,0.009175058139190699,5,0.020378291606903076,0.0025928455731421755,7,3,0.048885464668273926,0.001912236213684082,88,1,0.0,0.0,0,1,0.0,0.0,0,0.004553617462911275,0.04553617462911275,0.0,0.00044727325439453125,0.0,0
1790485257.002,8,0.013060569763183594,0.009306196527601522,5,0.02064502239227295,0.002529025915066169,7,2,0.048024892807006836,0.0,159,1,0.0,0.0,0,0,0.0,0.0,0,0.004553625996998045,0.04553625996998045,0.0,0.00039577484130859375,0.0,0
1790485257.104,10,0.010991440878974067,0.007900567892086536,6,0.01978459358215332,0.00237420008237514,7,2,0.050366878509521484,0.0,95,1,0.0,0.0,0,1,0.0,0.0,0,0.004553632818361519,0.04553632818361519,0.0,0.00039768218994140625,0.0,0
1790485257.225,9,0.012282878160476685,0.006725504495514597,6,0.019652605056762695,0.0019776556043130103,7,2,0.04755210876464844,0.0,138,1,0.0,0.0,0,0,0.0,0.0,0,0.0045536444727545256,0.045536444727545256,0.0,0.0003566741943359375,0.0,0
1790485257.344,12,0.009060014377940784,0.008799501085219647,6,0.019893741607666014,0.0016125196517596807,6,3,0.0497591495513916,0.0008678436279296875,133,2,0.09933710098266602,0.0,20,1,0.0,0.0,0,0.003903133708665907,0.03903133708665907,7.62939453125e-05,0.00036144256591796875,0.0,0
1790485257.462,9,0.01008063554763794,0.008846360236131447,5,0.020123541355133057,0.0016751057884829789,6,2,0.048648834228515625,0.0,80,1,0.0,0.0,0,1,0.0,0.0,0,0.0039031378477472067,0.03903137847747207,0.0,0.0003204345703125,0.0,0
1790485257.562,8,0.011723756790161133,0.008797770535109117,5,0.020453274250030518,0.0017827728596936487,6,2,0.05043935775756836,0.0,184,1,0.0,0.0,0,0,0.0,0.0,0,0.0039031458896721105,0.039031458896721105,0.0,0.00031280517578125,0.0,0
1790485257.664,10,0.01081411043802897,0.008840735371580742,6,0.01946539878845215,0.0014926967049829238,251,2,0.047783851623535156,0.0,36,1,0.0,0.0,0,1,0.0,0.0,0,0.00390315246987627,0.0390315246987627,0.0,0.000278472900390625,0.0,0
1790485257.782,8,0.011811597006661552,0.008280158986339515,5,0.020670294761657715,0.0016277982393253284,7,2,0.05355095863342285,0.0,50,1,0.0,0.0,0,0,0.0,0.0,0,0.00455368399827405,0.045536839982740496,0.0,0.0002918243408203125,0.0,0
1790485257.882,9,0.010159611701965332,0.008539009033360835,5,0.020319223403930664,0.0025648955330976443,6,2,0.05295586585998535,0.0,24,1,0.0,0.0,0,1,0.0,0.0,0,0.0039031666096867035,0.039031666096867035,0.0,0.00026702880859375,0.0,0
1790485257.985,9,0.012289464473724365,0.008474055689940687,6,0.019663143157958984,0.0020075414937172145,6,2,0.052062034606933594,0.0,1,1,0.0,0.0,0,0,0.0,0.0,0,0.0039031729438099294,0.039031729438099294,0.0,0.00024318695068359375,0.0,0
1790485258.092,10,0.011006302303738065,0.00836775992960184,5,0.019140958786010742,0.0018941786462201898,6,3,0.04952836036682129,0.0014984607696533203,51,1,0.0,0.0,0,1,0.0,0.0,0,0.0039031802573352703,0.0390318025733527,0.0,0.00021839141845703125,0.0,0
1790485258.205,9,0.012277007102966309,0.007793855573066341,6,0.019643211364746095,0.0017744633984189085,5,2,0.04649996757507324,0.0,179,1,0.0,0.0,0,0,0.0,0.0,0,0.0032526570169433278,0.03252657016943328,0.0,0.00017070770263671875,0.0,0
1790485258.325,9,0.009963542222976685,0.007983912670739113,5,0.01992708444595337,0.0009896340141923212,5,2,0.049742937088012695,0.0,85,1,0.0,0.0,0,1,0.0,0.0,0,0.003252661894267428,0.03252661894267428,0.0,0.00016307830810546875,0.0,0
1790485258.425,9,0.012365251779556274,0.008144826370317675,6,0.01978440284729004,0.0014790230125046853,5,2,0.05200695991516113,0.0,98,1,0.0,0.0,0,0,0.0,0.0,0,0.0032526675787369896,0.032526675787369896,0.0,0.0001506805419921875,0.0,0
1790485258.543,9,0.01021459698677063,0.009314876422654318,5,0.020397722721099854,0.002184359725325071,6,2,0.052114009857177734,0.0,136,1,0.0,0.0,0,1,0.0,0.0,0,0.0039032065781519076,0.039032065781519076,0.0,0.00012969970703125,0.0,0
1790485258.645,12,0.008947090669111772,0.009292628075988713,6,0.019590377807617188,0.0031600849387099887,6,3,0.04898500442504883,0.0012350082397460938,111,2,0.09817790985107422,0.0,18,1,0.0,0.0,0,0.003903211942716256,0.03903211942716256,6.866455078125e-05,0.00010585784912109375,0.0,0
1790485258.761,8,0.011601720537458147,0.008059117420651215,5,0.020303010940551758,0.001420542502030989,251,2,0.049421072006225586,0.0,78,1,0.0,0.0,0,0,0.0,0.0,0,0.003252681797293322,0.03252681797293322,0.0,7.43865966796875e-05,0.0,0
1790485258.864,10,0.010775221718682183,0.00868844103761628,6,0.01939539909362793,0.001208257141671691,4,2,0.04767799377441406,0.0,201,1,0.0,0.0,0,1,0.0,0.0,0,0.0026021494174555126,0.026021494174555126,0.0,5.245208740234375e-05,0.0,0
1790485258.984,9,0.012451887130737305,0.008683715431459309,6,0.019923019409179687,0.0019956041341039174,5,2,0.050057172775268555,0.0,36,1,0.0,0.0,0,0,0.0,0.0,0,0.0032526893126050282,0.03252689312605028,0.0,3.4332275390625e-05,0.0,0
1790485259.095,10,0.010941849814520942,0.007980710935523747,5,0.019394993782043457,0.0005456222205368413,4,3,0.04923832416534424,0.0008894205093383789,16,1,0.0,0.0,0,1,0.0,0.0,0,0.0026021565685674375,0.026021565685674375,0.0,1.52587890625e-05,0.0,0
1790485259.202,9,0.012435883283615112,0.008190488019093929,6,0.01989741325378418,0.0008759501633204897,4,2,0.049987077713012695,0.0,16,1,0.0,0.0,0,0,0.0,0.0,0,0.0026021596544223424,0.026021596544223424,0.0,1.52587890625e-05,0.0,0
1790485259.323,9,0.009992241859436035,0.00845034366096806,5,0.01998448371887207,0.0015356640344570845,4,2,0.04963088035583496,0.0,36,1,0.0,0.0,0,1,0.0,0.0,0,0.002602163232439114,0.026021632324391142,0.0,3.4332275390625e-05,0.0,0
1790485259.425,9,0.012262850999832153,0.00841135715331632,6,0.019620561599731447,0.0018339516191840227,4,2,0.04850912094116211,0.0,200,1,0.0,0.0,0,0,0.0,0.0,0,0.0026021666431208512,0.026021666431208512,0.0,5.340576171875e-05,0.0,0
1790485259.543,9,0.010132849216461182,0.009278667531935061,5,0.020265698432922363,0.0024826480648974833,4,2,0.051177978515625,0.0,80,1,0.0,0.0,0,1,0.0,0.0,0,0.002602169404148924,0.02602169404148924,0.0,7.62939453125e-05,0.0,0
1790485259.645,12,0.009054899215698242,0.008324663884838903,6,0.019393157958984376,0.001766946764991569,4,3,0.04948747158050537,0.0012015104293823242,111,2,0.09677791595458984,0.0,16,1,0.0,0.0,0,0.0026021715204449514,0.026021715204449514,6.103515625e-05,0.00010585784912109375,0.0,0
1790485259.763,8,0.01111701556614467,0.008764302055435796,5,0.019454777240753174,0.002307802956563619,4,2,0.04995608329772949,0.0,130,1,0.0,0.0,0,0,0.0,0.0,0,0.0026021746062998563,0.026021746062998563,0.0,0.0001239776611328125,0.0,0
1790485259.865,10,0.01103398534986708,0.008237774567975628,6,0.019861173629760743,0.0016714166604410922,4,2,0.053965091705322266,0.0,92,1,0.0,0.0,0,1,0.0,0.0,0,0.002602177042501097,0.02602177042501097,0.0,0.000156402587890625,0.0,0
1790485259.984,9,0.01236337423324585,0.008758021940849969,6,0.01978139877319336,0.00230180667863404,3,2,0.050134897232055664,0.0,83,1,0.0,0.0,0,0,0.0,0.0,0,0.0019516356462578877,0.019516356462578877,0.0,0.00016498565673828125,0.0,0
1790485260.095,9,0.010914117097854614,0.008591633472751305,5,0.019219696521759033,0.001550922087501529,3,2,0.050521135330200195,0.0,195,1,0.0,0.0,0,1,0.0,0.0,0,0.0019516369849381654,0.019516369849381654,0.0,0.00018596649169921875,0.0,0
1790485260.195,9,0.012491881847381592,0.00825397122111142,5,0.020551204681396484,0.001732781824092415,3,3,0.04996752738952637,0.0004265308380126953,41,1,0.0,0.0,0,0,0.0,0.0,0,0.0019516385696993765,0.019516385696993765,0.0,0.0002117156982421875,0.0,0
1790485260.303,9,0.011527985334396362,0.008862318679518243,5,0.019612014293670654,0.0016309167187346463,3,2,0.049936771392822266,0.0,12,1,0.0,0.0,0,1,0.0,0.0,0,0.0019516395441798728,0.01951639544179873,0.0,0.000232696533203125,0.0,0
1790485260.405,9,0.012312531471252441,0.00826211872992763,6,0.019700050354003906,0.0007685718501846602,3,2,0.049394845962524414,0.0,5,1,0.0,0.0,0,0,0.0,0.0,0,0.0019516418622622655,0.019516418622622655,0.0,0.00024890899658203125,0.0,0
1790485260.521,9,0.010349363088607788,0.009085973589080113,5,0.020698726177215576,0.0016449835074931979,3,2,0.05036282539367676,0.0,30,1,0.0,0.0,0,1,0.0,0.0,0,0.0019516429597832285,0.019516429597832285,0.0,0.0002727508544921875,0.0,0
1790485260.625,9,0.012137383222579956,0.008012928981732729,6,0.01941981315612793,0.0008700080437306728,2,2,0.04815101623535156,0.0,37,1,0.0,0.0,0,0,0.0,0.0,0,0.0013010966468429697,0.013010966468429697,0.0,0.00027942657470703125,0.0,0
1790485260.742,9,0.010142385959625244,0.008597886133652586,5,0.02028477191925049,0.0007562591197371037,2,2,0.051553964614868164,0.0,177,1,0.0,0.0,0,1,0.0,0.0,0,0.00130109745891005,0.013010974589100499,0.0,0.00031948089599609375,0.0,0
1790485260.843,8,0.011201551982334681,0.008204719737226305,5,0.01955723762512207,0.0011337164568238434,2,2,0.051406145095825195,0.0,98,1,0.0,0.0,0,0,0.0,0.0,0,0.0013010981873096128,0.013010981873096128,0.0,0.0003376007080078125,0.0,0
1790485260.945,10,0.011046780480278863,0.008840397104252544,6,0.019804000854492188,0.002199189366141413,2,2,0.04970288276672363,0.0,107,1,0.0,0.0,0,1,0.0,0.0,0,0.0013010990042983117,0.013010990042983117,0.0,0.00034618377685546875,0.0,0
1790485261.045,11,0.009939789772033691,0.00889893742408404,5,0.02024000883102417,0.0012091510933875797,2,3,0.04939603805541992,0.002736806869506836,102,2,0.09915590286254883,0.0,15,1,0.0,0.0,0,0.0013010995702844586,0.013010995702844586,5.7220458984375e-05,0.00039196014404296875,0.0,0
1790485261.165,9,0.012260645627975464,0.006797692247995486,6,0.019617033004760743,0.0018616335022832795,2,2,0.05087113380432129,0.0,91,1,0.0,0.0,0,0,0.0,0.0,0,0.0013011003823515388,0.013011003823515388,0.0,0.00040149688720703125,0.0,0
1790485261.282,10,0.011110544204711914,0.008504185964344392,6,0.019998979568481446,0.0013465594161648146,2,2,0.053266048431396484,0.0,51,1,0.0,0.0,0,1,0.0,0.0,0,0.0013011007908458883,0.013011007908458883,0.0,0.00043964385986328125,0.0,0
1790485261.394,8,0.012890713555472237,0.008504332347635368,5,0.0205649733543396,0.001938065015193188,2,2,0.05170083045959473,0.0,46,1,0.0,0.0,0,0,0.0,0.0,0,0.0013011012780861364,0.013011012780861364,0.0,0.0004444122314453125,0.0,0
1790485261.495,10,0.011046648025512695,0.008590816026575004,5,0.019785761833190918,0.0011197427305307886,1,3,0.04970991611480713,0.0020562410354614258,64,1,0.0,0.0,0,1,0.0,0.0,0,0.000650550939261807,0.00650550939261807,0.0,0.0004730224609375,0.0,0
1790485261.602,8,0.013243743351527624,0.008880557517529928,5,0.020297527313232422,0.0015962292312063802,1,2,0.04995322227478027,0.0,14,1,0.0,0.0,0,0,0.0,0.0,0,0.0006505511065968417,0.006505511065968417,0.0,0.0004749298095703125,0.0,0
1790485261.704,9,0.01107698678970337,0.007778135841019428,5,0.0193977952003479,0.0031065531323894286,1,2,0.047859907150268555,0.0,18,1,0.0,0.0,0,1,0.0,0.0,0,0.0006505512690102577,0.006505512690102577,0.0,0.0004711151123046875,0.0,0
1790485261.805,9,0.012186408042907715,0.008033795917159912,6,0.019498252868652345,0.0013428495718087509,1,2,0.04775094985961914,0.0,2,1,0.0,0.0,0,0,0.0,0.0,0,0.0006505514314236738,0.006505514314236738,0.0,0.0004863739013671875,0.0,0
1790485261.925,10,0.011046886444091797,0.009156003791543708,6,0.019884395599365234,0.0028141538297362496,1,2,0.048280954360961914,0.0,21,1,0.0,0.0,0,1,0.0,0.0,0,0.0006505515544641405,0.006505515544641405,0.0,0.0005083084106445312,0.0,0
1790485262.042,9,0.012483268976211548,0.008488894722546906,6,0.019973230361938477,0.0015347877204694592,1,2,0.0492401123046875,0.0,48,1,0.0,0.0,0,0,0.0,0.0,0,0.0006505515938370898,0.006505515938370898,0.0,0.0005340576171875,0.0,0
1790485262.142,8,0.011467252458844866,0.00724007329738077,4,0.02018626530965169,0.002026816261256035,0,2,0.05021166801452637,0.0,79,1,0.0,0.0,0,1,0.0,0.0,0,0.0,0.0,0.0,0.0005636215209960938,0.0,0
1790485262.242,8,0.011591843196323939,0.0072124784874354215,5,0.01941627264022827,0.0009286884516843963,1,2,0.04819798469543457,0.0,72,1,0.0,0.0,0,0,0.0,0.0,0,0.0006505516725832106,0.006505516725832106,0.0,0.00055694580078125,0.0,0
1790485262.343,9,0.009981632232666016,0.009298158536400385,5,0.01993250846862793,0.002659119090192687,1,2,0.05157303810119629,0.0,127,1,0.0,0.0,0,1,0.0,0.0,0,0.0006505516725832106,0.006505516725832106,0.0,0.0006113052368164062,0.0,0
1790485262.444,8,0.011114563260759627,0.007979389822495832,5,0.019333243370056152,0.001681952441110198,0,2,0.047982215881347656,0.0,155,1,0.0,0.0,0,0,0.0,0.0,0,0.0,0.0,0.0,0.0005846023559570312,0.0,0
1790485262.545,12,0.009081276980313387,0.008655628425283593,6,0.01995677947998047,0.001927411269248854,1,3,0.04976701736450195,0.0009710788726806641,129,2,0.09959697723388672,0.0,12,1,0.0,0.0,0,0.0006505515938370898,0.006505515938370898,4.57763671875e-05,0.0006427764892578125,0.0,0
1790485262.665,10,0.011052423053317599,0.008802737702269166,6,0.01989436149597168,0.0018989698253703876,1,2,0.050937652587890625,0.0,75,1,0.0,0.0,0,1,0.0,0.0,0,0.0006505515101695725,0.006505515101695725,0.0,0.0006608963012695312,0.0,0
1790485262.783,9,0.012441486120223999,0.008122531125615005,6,0.019906377792358397,0.002568839798781477,1,2,0.047364234924316406,0.0,147,1,0.0,0.0,0,0,0.0,0.0,0,0.0006505513920507244,0.006505513920507244,0.0,0.0006284713745117188,0.0,0
1790485262.891,9,0.011722773313522339,0.009107252312912985,5,0.020776808261871338,0.0009624900954569555,1,2,0.05417299270629883,0.0,3,1,0.0,0.0,0,1,0.0,0.0,0,0.0006505512690102577,0.006505512690102577,0.0,0.0007352828979492188,0.0,0
1790485262.995,9,0.012470513582229614,0.008317482362996478,5,0.02011847496032715,0.0004289195628771552,1,3,0.04988205432891846,0.0005499124526977539,204,1,0.0,0.0,0,0,0.0,0.0,0,0.0006505511065968417,0.006505511065968417,0.0,0.000705718994140625,0.0,0
1790485263.105,9,0.0113181471824646,0.00859236272802321,5,0.019096553325653076,0.0008493159910895483,1,2,0.04998588562011719,0.0,19,1,0.0,0.0,0,1,0.0,0.0,0,0.0006505509048104763,0.006505509048104763,0.0,0.0007143020629882812,0.0,0
1790485263.205,9,0.012078016996383667,0.008073693917589816,6,0.019324827194213866,0.0009561457962746941,2,2,0.049935102462768555,0.0,6,1,0.0,0.0,0,0,0.0,0.0,0,0.001301101032005203,0.01301101032005203,0.0,0.0007266998291015625,0.0,0
1790485263.323,9,0.009783625602722168,0.00840373000237214,5,0.019567251205444336,0.002598567460990889,2,2,0.05000805854797363,0.0,9,1,0.0,0.0,0,1,0.0,0.0,0,0.0013011006284324722,0.013011006284324722,0.0,0.0007410049438476562,0.0,0
1790485263.425,9,0.012096107006072998,0.00784263758545896,6,0.019353771209716798,0.0009252325450257716,2,2,0.04994392395019531,0.0,23,1,0.0,0.0,0,0,0.0,0.0,0,0.00130110030360564,0.013011003036056401,0.0,0.0007543563842773438,0.0,0
1790485263.544,9,0.009610146284103394,0.007579113175291603,5,0.018884778022766113,0.00250487722787605,2,2,0.050015926361083984,0.0,220,1,0.0,0.0,0,1,0.0,0.0,0,0.0013010995702844586,0.013010995702844586,0.0,0.000766754150390625,0.0,0
1790485263.645,8,0.011198282241821289,0.0074555332736250075,5,0.019411802291870117,0.0028732132884291294,2,2,0.050256967544555664,0.0,253,1,0.0,0.0,0,0,0.0,0.0,0,0.001301098836963277,0.01301098836963277,0.0,0.0007848739624023438,0.0,0
1790485263.745,11,0.009623408317565918,0.008835874100900308,6,0.019133377075195312,0.0029496246930661605,2,2,0.04975318908691406,0.0,58,2,0.09623408317565918,0.0,10,1,0.0,0.0,0,0.0013010982709771302,0.013010982709771302,3.814697265625e-05,0.0007877349853515625,0.0,0
1790485263.845,8,0.014282430921282088,0.007505524056472769,5,0.020630478858947754,0.0022669592291610845,2,2,0.05028700828552246,0.0,81,1,0.0,0.0,0,0,0.0,0.0,0,0.0013010973752425326,0.013010973752425326,0.0,0.0008096694946289062,0.0,0
1790485263.945,10,0.011079337861802842,0.007892989190738999,5,0.019450008869171143,0.0008623581446578104,2,3,0.04985702037811279,0.00013077259063720703,173,1,0.0,0.0,0,1,0.0,0.0,0,0.0013010965631754523,0.013010965631754523,0.0,0.0008220672607421875,0.0,0
1790485264.061,9,0.010539084672927856,0.00874495537197826,5,0.020144939422607422,0.002452663710978102,3,2,0.04994320869445801,0.0,151,1,0.0,0.0,0,1,0.0,0.0,0,0.0019516435700639434,0.019516435700639434,0.0,0.0008325576782226562,0.0,0
1790485264.164,9,0.012276142835617065,0.006897966964528355,6,0.019641828536987305,0.0024129237614240484,3,2,0.04992413520812988,0.0,140,1,0.0,0.0,0,0,0.0,0.0,0,0.0019516413750220174,0.019516413750220174,0.0,0.000843048095703125,0.0,0
1790485264.281,9,0.01000949740409851,0.007906814953109447,5,0.02001899480819702,0.0030840295141695007,3,2,0.05024981498718262,0.0,123,1,0.0,0.0,0,1,0.0,0.0,0,0.0019516405235819878,0.019516405235819878,0.0,0.0008592605590820312,0.0,0
1790485264.385,9,0.012305885553359985,0.007328710954270922,6,0.019689416885375975,0.0017465935516029975,3,2,0.0499882698059082,0.0,117,1,0.0,0.0,0,0,0.0,0.0,0,0.0019516386927398433,0.019516386927398433,0.0,0.0008649826049804688,0.0,0
1790485264.495,10,0.01110166973537869,0.008894598437724992,5,0.02019602060317993,0.002889317602957125,3,3,0.0499575138092041,0.00010561943054199219,151,1,0.0,0.0,0,1,0.0,0.0,0,0.0019516367437788507,0.019516367437788507,0.0,0.00087738037109375,0.0,0
1790485264.601,8,0.013387986591884069,0.00821699473495617,5,0.020321011543273926,0.00234930550445864,4,2,0.05013298988342285,0.0,89,1,0.0,0.0,0,0,0.0,0.0,0,0.0026021791538755057,0.026021791538755057,0.0,0.0008916854858398438,0.0,0
1790485264.704,10,0.010928445392184787,0.008156249681505008,6,0.019671201705932617,0.0036944376868119316,4,2,0.04941964149475098,0.0,95,1,0.0,0.0,0,1,0.0,0.0,0,0.0026021776921547612,0.026021776921547612,0.0,0.0008859634399414062,0.0,0
1790485264.823,8,0.011198146002633231,0.008070601488044945,5,0.019596755504608154,0.0014152254874029565,4,2,0.04999804496765137,0.0,73,1,0.0,0.0,0,0,0.0,0.0,0,0.0026021747687132724,0.026021747687132724,0.0,0.0009069442749023438,0.0,0
1790485264.925,10,0.011057668262057833,0.008849197070582314,6,0.019903802871704103,0.002958005812197995,4,2,0.05002593994140625,0.0,65,1,0.0,0.0,0,1,0.0,0.0,0,0.0026021716828583674,0.026021716828583674,0.0,0.0009145736694335938,0.0,0
1790485265.041,8,0.011954716273716517,0.007932938996474863,5,0.020920753479003906,0.001984343704295703,4,2,0.05006098747253418,0.0,56,1,0.0,0.0,0,0,0.0,0.0,0,0.00260216956656234,0.0260216956656234,0.0,0.00092315673828125,0.0,0
1790485265.142,9,0.010382384061813354,0.008784257425829627,5,0.02076476812362671,0.0022855899399713423,4,2,0.05035996437072754,0.0,42,1,0.0,0.0,0,1,0.0,0.0,0,0.002602166318294019,0.02602166318294019,0.0,0.0009365081787109375,0.0,0
1790485265.245,10,0.010723087522718642,0.007970712059524094,6,0.019301557540893556,0.0023205307156343364,5,2,0.050087928771972656,0.0,41,2,0.09595680236816406,0.0,7,0,0.0,0.0,0,0.003252703526239742,0.03252703526239742,2.6702880859375e-05,0.0009374618530273438,0.0,0
1790485265.345,9,0.012492507696151733,0.007956545377853003,4,0.019452651341756184,0.0011507054867026933,4,3,0.049883484840393066,0.00012767314910888672,226,1,0.0,0.0,0,1,0.0,0.0,0,0.0026021604714110413,0.026021604714110413,0.0,0.0009479522705078125,0.0,0
1790485265.445,8,0.013774871826171875,0.007195721150888884,6,0.019284820556640624,0.002149362749657693,4,1,0.0,0.0,0,1,0.0,0.0,0,0,0.0,0.0,0,0.0026021573806345177,0.026021573806345177,0.0,0.0,0.0,0
1790485265.545,10,0.0110729005601671,0.008564608403206733,5,0.0198785662651062,0.001009170060367125,4,3,0.0497896671295166,0.00015044212341308594,29,1,0.0,0.0,0,1,0.0,0.0,0,0.0026021536451259486,0.026021536451259486,0.0,0.0009593963623046875,0.0,0
1790485265.661,9,0.010507524013519287,0.008368584246337282,5,0.02033001184463501,0.0025170398087592367,5,2,0.04976201057434082,0.0,17,1,0.0,0.0,0,1,0.0,0.0,0,0.0032526887023243134,0.032526887023243134,0.0,0.0009603500366210938,0.0,0
1790485265.763,8,0.0117208617074149,0.007436264557076023,5,0.020490527153015137,0.0018119841696376076,5,2,0.04975485801696777,0.0,11,1,0.0,0.0,0,0,0.0,0.0,0,0.0032526838250002132,0.03252683825000213,0.0,0.0009660720825195312,0.0,0
1790485265.864,9,0.010215342044830322,0.008162722884848048,5,0.01993769407272339,0.0009146799194955876,252,2,0.05016899108886719,0.0,4,1,0.0,0.0,0,1,0.0,0.0,0,0.003252677732036302,0.03252677732036302,0.0,0.0009784698486328125,0.0,0
1790485265.964,9,0.012301772832870483,0.007632259165386228,6,0.019682836532592774,0.0021803314606209955,5,2,0.04985213279724121,0.0,4,1,0.0,0.0,0,0,0.0,0.0,0,0.003252675906115776,0.03252675906115776,0.0,0.0009775161743164062,0.0,0
1790485266.085,10,0.010794666078355577,0.008425566705121722,6,0.01943039894104004,0.0014085729782316668,5,2,0.04999113082885742,0.0,7,1,0.0,0.0,0,1,0.0,0.0,0,0.0032526696113654996,0.032526696113654996,0.0,0.0009832382202148438,0.0,0
1790485266.195,9,0.012496888637542725,0.00751194910947925,5,0.019888758659362793,0.0018169071544992443,5,3,0.0499875545501709,0.00022149085998535156,14,1,0.0,0.0,0,0,0.0,0.0,0,0.003252664935827765,0.03252664935827765,0.0,0.0009899139404296875,0.0,0
1790485266.304,10,0.010971334245469835,0.008710091358424382,6,0.019748401641845704,0.0019207822359253468,5,2,0.05033421516418457,0.0,22,1,0.0,0.0,0,1,0.0,0.0,0,0.0032526602652116487,0.03252660265211649,0.0,0.0009975433349609375,0.0,0
1790485266.421,8,0.011546134948730469,0.008806193218607317,5,0.02020573616027832,0.0033298922063368435,6,2,0.049936771392822266,0.0,15,1,0.0,0.0,0,0,0.0,0.0,0,0.003903185375818685,0.03903185375818685,0.0,0.0009908676147460938,0.0,0
1790485266.523,10,0.01097885767618815,0.008041889940684789,6,0.019761943817138673,0.0015657127300054135,6,2,0.050043344497680664,0.0,20,1,0.0,0.0,0,1,0.0,0.0,0,0.003903179282854774,0.03903179282854774,0.0,0.000995635986328125,0.0,0
1790485266.644,9,0.012478768825531006,0.007596990699866202,6,0.01975722312927246,0.0020346477792624953,6,2,0.04998493194580078,0.0,21,1,0.0,0.0,0,0,0.0,0.0,0,0.0039031695331281924,0.039031695331281924,0.0,0.0009965896606445312,0.0,0
1790485266.744,10,0.010777897304958768,0.008125478569795307,5,0.01966649293899536,0.0014704136973790133,6,2,0.04999709129333496,0.0,23,2,0.09620308876037598,0.0,4,1,0.0,0.0,0,0.003903161973521918,0.03903161973521918,1.52587890625e-05,0.0009984970092773438,0.0,0
1790485266.845,9,0.012496978044509888,0.007632792319201822,5,0.019755661487579346,0.0013260531916427488,251,3,0.04998791217803955,2.491474151611328e-05,24,1,0.0,0.0,0,0,0.0,0.0,0,0.003903156859960122,0.03903156859960122,0.0,0.00099945068359375,0.0,0
1790485266.945,8,0.014272315161568778,0.006974347486473733,4,0.0186919371287028,0.0017098877999824566,6,2,0.04995918273925781,0.0,23,1,0.0,0.0,0,1,0.0,0.0,0,0.003903150274834344,0.03903150274834344,0.0,0.0009984970092773438,0.0,0
1790485267.045,9,0.012495249509811401,0.007928396967088372,6,0.019605159759521484,0.001241850695277815,6,1,0.0,0.0,0,1,0.0,0.0,0,1,0.0,0.0,0,0.003903144920113233,0.03903144920113233,0.0,0.0,0.0,0
1790485267.146,9,0.012469619512557983,0.007144495646727185,5,0.020110785961151123,0.0015964839223501929,6,3,0.049878478050231934,0.00017750263214111328,222,1,0.0,0.0,0,0,0.0,0.0,0,0.003903138334987455,0.03903138334987455,0.0,0.0010008811950683594,0.0,0
1790485267.266,10,0.01077066527472602,0.008241668489603806,6,0.019387197494506837,0.0025314304602642506,6,2,0.04999208450317383,0.0,47,1,0.0,0.0,0,1,0.0,0.0,0,0.0039031300519032364,0.039031300519032364,0.0,0.0009989738464355469,0.0,0
1790485267.384,9,0.012440025806427002,0.008225183184659516,6,0.019904041290283205,0.0027296032256491102,7,2,0.0536808967590332,0.0,199,1,0.0,0.0,0,0,0.0,0.0,0,0.004553636795029403,0.04553636795029403,0.0,0.0010714530944824219,0.0,0
1790485267.495,10,0.011109670003255209,0.008508767130275246,5,0.019467473030090332,0.0030204894786384777,7,3,0.04999351501464844,6.67572021484375e-06,39,1,0.0,0.0,0,1,0.0,0.0,0,0.004553631676545988,0.04553631676545988,0.0,0.0009951591491699219,0.0,0
1790485267.604,9,0.012110382318496704,0.007034024236329663,6,0.019376611709594725,0.0026422604226625365,7,2,0.04981493949890137,0.0,23,1,0.0,0.0,0,0,0.0,0.0,0,0.004553621444500777,0.04553621444500777,0.0,0.0009875297546386719,0.0,0
1790485267.725,10,0.010977983474731445,0.0076119675808065754,6,0.0197603702545166,0.0020451825990043817,7,2,0.050050973892211914,0.0,28,1,0.0,0.0,0,1,0.0,0.0,0,0.0045536112075339474,0.045536112075339474,0.0,0.0009899139404296875,0.0,0
1790485267.843,8,0.011478015354701452,0.007450141522918638,5,0.020054221153259277,0.0019967622863600646,7,2,0.05001401901245117,0.0,235,1,0.0,0.0,0,0,0.0,0.0,0,0.004553600399659352,0.04553600399659352,0.0,0.0009865760803222656,0.0,0
1790485267.944,11,0.009789705276489258,0.008637660545858235,6,0.019510602951049803,0.0010612687365954216,7,2,0.05008506774902344,0.0,14,2,0.09779691696166992,0.0,1,1,0.0,0.0,0,0.004553593297763614,0.04553593297763614,3.814697265625e-06,0.0009832382202148438,0.0,0
1790485268.045,9,0.012496113777160645,0.008415604699810786,5,0.019592761993408203,0.003010714808166261,8,3,0.04998445510864258,4.0531158447265625e-05,8,1,0.0,0.0,0,0,0.0,0.0,0,0.005204092161378293,0.05204092161378293,0.0,0.0009794235229492188,0.0,0
1790485268.145,8,0.014273984091622489,0.006640256013608197,5,0.020370781421661377,0.002928719683253829,8,1,0.0,0.0,0,1,0.0,0.0,0,1,0.0,0.0,0,0.0052040837158806585,0.052040837158806585,0.0,0.0,0.0,0
1790485268.246,10,0.010879569583468966,0.008931907421507148,5,0.02021801471710205,0.0016005188603359626,8,3,0.04884898662567139,0.0011731386184692383,145,1,0.0,0.0,0,1,0.0,0.0,0,0.005204068764003145,0.05204068764003145,0.0,0.0009698867797851562,0.0,0
1790485268.362,8,0.01198441641671317,0.00891308916315013,5,0.020905017852783203,0.0017283246060651183,8,2,0.050253868103027344,0.0,18,1,0.0,0.0,0,0,0.0,0.0,0,0.005204057714969235,0.052040577149692346,0.0,0.0009679794311523438,0.0,0
1790485268.462,9,0.010491371154785156,0.008941197370975587,5,0.020536482334136963,0.0013966329429474,8,2,0.05008196830749512,0.0,38,1,0.0,0.0,0,1,0.0,0.0,0,0.005204053492220417,0.052040534922204174,0.0,0.0009584426879882812,0.0,0
1790485268.564,8,0.011635303497314453,0.008145902199982433,5,0.020053744316101074,0.0010782310221962217,248,2,0.05010724067687988,0.0,248,1,0.0,0.0,0,0,0.0,0.0,0,0.005204037895610858,0.05204037895610858,0.0,0.00095367431640625,0.0,0
1790485268.664,10,0.010908656650119357,0.008422463220361914,6,0.019635581970214845,0.0016018709866233714,8,2,0.050253868103027344,0.0,56,1,0.0,0.0,0,1,0.0,0.0,0,0.005204026846576948,0.05204026846576948,0.0,0.000949859619140625,0.0,0
1790485268.784,9,0.012361109256744385,0.007093320350927381,6,0.019777774810791016,0.0011936010262324035,8,2,0.0499570369720459,0.0,83,1,0.0,0.0,0,0,0.0,0.0,0,0.005204008651352732,0.05204008651352732,0.0,0.0009369850158691406,0.0,0
1790485268.895,10,0.01110998789469401,0.008879697437716005,5,0.02051752805709839,0.001911391417070804,9,3,0.04999494552612305,0.00010704994201660156,148,1,0.0,0.0,0,1,0.0,0.0,0,0.005854504429112506,0.05854504429112506,0.0,0.0009331703186035156,0.0,0
1790485269.004,9,0.012151360511779785,0.008130782164144024,6,0.019442176818847655,0.0026230877716878257,9,2,0.05001497268676758,0.0,120,1,0.0,0.0,0,0,0.0,0.0,0,0.00585448870946248,0.0585448870946248,0.0,0.000919342041015625,0.0,0
1790485269.122,9,0.010223478078842163,0.009078020068060393,5,0.020446956157684326,0.00318165396836968,9,2,0.04996800422668457,0.0,139,1,0.0,0.0,0,1,0.0,0.0,0,0.00585447555397578,0.0585447555397578,0.0,0.0009102821350097656,0.0,0
1790485269.225,8,0.010900735855102539,0.008170166104829684,5,0.019076287746429443,0.003084652819748997,9,2,0.0500180721282959,0.0,101,1,0.0,0.0,0,0,0.0,0.0,0,0.005854456910884265,0.05854456910884265,0.0,0.0009026527404785156,0.0,0
1790485269.326,10,0.010728889041476779,0.008304243354850095,6,0.019312000274658202,0.0013017551068884316,250,2,0.050150156021118164,0.0,88,1,0.0,0.0,0,1,0.0,0.0,0,0.0052039521167190905,0.052039521167190905,0.0,0.000896453857421875,0.0,0
1790485269.444,8,0.011636291231427873,0.008079833201670602,5,0.019957244396209717,0.0011985929940960996,8,2,0.04989194869995117,0.0,197,1,0.0,0.0,0,0,0.0,0.0,0,0.005203937489668409,0.05203937489668409,0.0,0.0008826255798339844,0.0,0
1790485269.544,11,0.009989476203918457,0.008994658854756555,6,0.019937992095947266,0.0017685282409562889,9,2,0.050009965896606445,0.0,45,2,0.09959983825683594,0.0,2,1,0.0,0.0,0,0.005854410490176987,0.05854410490176987,7.62939453125e-06,0.0008759498596191406,0.0,0
1790485269.645,8,0.013967139380318778,0.006944986649833782,5,0.01955503225326538,0.0015556766920553394,8,2,0.05000185966491699,0.0,23,1,0.0,0.0,0,0,0.0,0.0,0,0.005203910524119726,0.05203910524119726,0.0,0.0008654594421386719,0.0,0
1790485269.745,10,0.011091470718383789,0.008710918496830537,5,0.020441293716430664,0.0023023167758707756,9,3,0.04985213279724121,0.00012302398681640625,9,1,0.0,0.0,0,1,0.0,0.0,0,0.005854379779276497,0.05854379779276497,0.0,0.0008502006530761719,0.0,0
1790485269.864,10,0.010936339696248373,0.008082933319327145,6,0.01968541145324707,0.002861988574628782,9,2,0.049986839294433594,0.0,31,1,0.0,0.0,0,1,0.0,0.0,0,0.005854365526268834,0.05854365526268834,0.0,0.0008397102355957031,0.0,0
1790485269.985,9,0.012420356273651123,0.008853939837119141,6,0.019872570037841798,0.002008867708045088,249,2,0.04941892623901367,0.0,74,1,0.0,0.0,0,0,0.0,0.0,0,0.005203870555654522,0.05203870555654522,0.0,0.0008192062377929688,0.0,0
1790485270.095,10,0.011103550593058268,0.009104142679563117,5,0.020499467849731445,0.0025032558175361016,9,3,0.04996597766876221,2.9802322387695312e-06,91,1,0.0,0.0,0,1,0.0,0.0,0,0.0058543399387733785,0.058543399387733785,0.0,0.0008168220520019531,0.0,0
1790485270.205,9,0.012279719114303589,0.007586915517587986,6,0.019647550582885743,0.0008512869953228915,9,2,0.05000185966491699,0.0,115,1,0.0,0.0,0,0,0.0,0.0,0,0.005854313987078141,0.05854313987078141,0.0,0.0007996559143066406,0.0,0
1790485270.322,9,0.010137617588043213,0.007972695977670414,5,0.020275235176086426,0.002179981477473946,10,2,0.0499272346496582,0.0,145,1,0.0,0.0,0,1,0.0,0.0,0,0.006504786618465319,0.06504786618465319,0.0,0.0007853507995605469,0.0,0
1790485270.424,9,0.01212400197982788,0.008211682721908427,6,0.01939840316772461,0.002575493154636624,10,2,0.049880027770996094,0.0,171,1,0.0,0.0,0,0,0.0,0.0,0,0.006504763870743835,0.06504763870743835,0.0,0.0007729530334472656,0.0,0
1790485270.544,10,0.01104079352484809,0.008656749465141304,5,0.019143283367156982,0.0013624570186776715,9,2,0.04998493194580078,0.0,61,2,0.09936714172363281,0.0,4,1,0.0,0.0,0,0.005854272679932659,0.058542726799326594,1.52587890625e-05,0.0007615089416503906,0.0,0
1790485270.645,10,0.011110014385647245,0.008292134501910105,6,0.019724035263061525,0.0015755667466235326,9,3,0.04979991912841797,3.0994415283203125e-06,27,1,0.0,0.0,0,0,0.0,0.0,0,0.005854255139283726,0.05854255139283726,0.0,0.0007452964782714844,0.0,0
1790485270.745,9,0.012495487928390503,0.007754946059379051,5,0.020791709423065186,0.0012330073361036232,10,2,0.05005812644958496,0.0,250,1,0.0,0.0,0,1,0.0,0.0,0,0.006504704166587771,0.06504704166587771,0.0,0.0007295608520507812,0.0,0
1790485270.864,10,0.011104106903076172,0.007780368314255243,6,0.01998739242553711,0.0013776020129219644,9,2,0.05002307891845703,0.0,36,1,0.0,0.0,0,1,0.0,0.0,0,0.005854224797504637,0.05854224797504637,0.0,0.0007152557373046875,0.0,0
1790485270.985,9,0.01248401403427124,0.008120295209951434,6,0.019974422454833985,0.00039821534129745915,9,2,0.049955129623413086,0.0,67,1,0.0,0.0,0,0,0.0,0.0,0,0.005854206523534522,0.05854206523534522,0.0,0.0007004737854003906,0.0,0
1790485271.095,10,0.011110226313273111,0.00818242335681676,5,0.01950150728225708,0.001150443815585081,8,3,0.049996018409729004,0.00019109249114990234,118,1,0.0,0.0,0,1,0.0,0.0,0,0.005203725643514456,0.05203725643514456,0.0,0.0006890296936035156,0.0,0
1790485271.203,8,0.01321727888924735,0.007581201373764218,5,0.01983344554901123,0.0024704284449840164,248,2,0.05002713203430176,0.0,143,1,0.0,0.0,0,0,0.0,0.0,0,0.0065046367551768736,0.06504636755176874,0.0,0.0006642341613769531,0.0,0
1790485271.304,10,0.010832548141479492,0.008634338514299851,6,0.019498586654663086,0.0024658214586719715,10,2,0.049942970275878906,0.0,80,1,0.0,0.0,0,1,0.0,0.0,0,0.006504612796737197,0.06504612796737197,0.0,0.00064849853515625,0.0,0
1790485271.424,8,0.01111354146684919,0.008200482263768282,5,0.019448697566986084,0.0011498502237480776,9,2,0.05001187324523926,0.0,49,1,0.0,0.0,0,0,0.0,0.0,0,0.00585414219305691,0.058541421930569104,0.0,0.0006337165832519531,0.0,0
1790485271.525,10,0.01107690069410536,0.008023324953031642,6,0.01993842124938965,0.0025147805226980067,10,2,0.050032854080200195,0.0,17,1,0.0,0.0,0,1,0.0,0.0,0,0.00650458192834491,0.0650458192834491,0.0,0.0006184577941894531,0.0,0
1790485271.644,9,0.01215311884880066,0.007978394032925636,5,0.01910221576690674,0.0021394759144228712,10,2,0.049993038177490234,0.0,17,2,0.09686613082885742,0.0,6,0,0.0,0.0,0,0.006504561218173555,0.06504561218173555,2.288818359375e-05,0.0006022453308105469,0.0,0
1790485271.745,9,0.012149125337600708,0.0077855809566152205,5,0.019093453884124756,0.0019300264171450824,10,2,0.0501251220703125,0.0,50,1,0.0,0.0,0,1,0.0,0.0,0,0.0065045400995078495,0.0650454009950785,0.0,0.0005865097045898438,0.0,0
1790485271.845,9,0.012495726346969604,0.008299369211011192,5,0.019091427326202393,0.0020794945443622023,248,3,0.049930453300476074,6.35385513305664e-05,103,1,0.0,0.0,0,0,0.0,0.0,0,0.0058540734774170655,0.058540734774170655,0.0,0.000568389892578125,0.0,0
1790485271.945,10,0.011088556713528104,0.008744734940329381,6,0.019614219665527344,0.002054779686469281,10,2,0.049928903579711914,0.0,137,1,0.0,0.0,0,1,0.0,0.0,0,0.006504501927433459,0.06504501927433459,0.0,0.0005450248718261719,0.0,0
1790485272.064,10,0.010769208272298178,0.007624839729425723,6,0.01938457489013672,0.0010748451252260898,9,2,0.05016303062438965,0.0,88,1,0.0,0.0,0,1,0.0,0.0,0,0.005854039124518762,0.05854039124518762,0.0,0.000530242919921875,0.0,0
1790485272.181,8,0.011418410709926061,0.006295186745321984,5,0.019982218742370605,0.0029777649990232378,10,2,0.04999804496765137,0.0,48,1,0.0,0.0,0,0,0.0,0.0,0,0.006504470251895711,0.06504470251895711,0.0,0.00051116943359375,0.0,0
1790485272.282,9,0.010129779577255249,0.007597527253283941,5,0.020259559154510498,0.0018963100324174637,10,2,0.049964189529418945,0.0,11,1,0.0,0.0,0,1,0.0,0.0,0,0.006504452789992676,0.06504452789992676,0.0,0.0004935264587402344,0.0,0
1790485272.383,8,0.011633293969290597,0.008343573033474959,5,0.020358264446258545,0.001880409444701307,247,2,0.049970149993896484,0.0,25,1,0.0,0.0,0,0,0.0,0.0,0,0.00650443126775424,0.0650443126775424,0.0,0.0004763603210449219,0.0,0
1790485272.484,9,0.009652107954025269,0.008225976099386717,5,0.019304215908050537,0.002953710569019517,10,2,0.04998016357421875,0.0,193,1,0.0,0.0,0,1,0.0,0.0,0,0.006504410149088535,0.06504410149088535,0.0,0.0004582405090332031,0.0,0
1790485272.585,9,0.012481510639190674,0.008764102141990637,6,0.019970417022705078,0.0026292868182760725,10,2,0.049997806549072266,0.0,99,1,0.0,0.0,0,0,0.0,0.0,0,0.006504395935453822,0.06504395935453822,0.0,0.0004410743713378906,0.0,0
1790485272.695,10,0.011108451419406466,0.007949877429114691,5,0.02013915777206421,0.002192464964360228,11,3,0.0499880313873291,9.393692016601562e-05,136,1,0.0,0.0,0,1,0.0,0.0,0,0.007154812076501926,0.07154812076501926,0.0,0.000423431396484375,0.0,0
1790485272.805,9,0.012064516544342041,0.008161426506180264,6,0.019303226470947267,0.0018236909793975134,9,2,0.04985189437866211,0.0,198,1,0.0,0.0,0,0,0.0,0.0,0,0.005853921074573387,0.05853921074573387,0.0,0.00039386749267578125,0.0,0
1790485272.924,9,0.00984126329421997,0.008277835572917303,5,0.01968252658843994,0.0018917271827771666,10,2,0.05017423629760742,0.0,25,1,0.0,0.0,0,1,0.0,0.0,0,0.006504332180805594,0.06504332180805594,0.0,0.0003781318664550781,0.0,0
1790485273.024,9,0.012185633182525635,0.007563531341937526,6,0.019497013092041014,0.0019106901617183928,248,2,0.0500030517578125,0.0,17,1,0.0,0.0,0,0,0.0,0.0,0,0.00650431431040821,0.0650431431040821,0.0,0.0003581047058105469,0.0,0
1790485273.143,9,0.010092854499816895,0.008297036482561495,5,0.019717752933502197,0.0015376456998032143,9,2,0.05005502700805664,0.0,200,1,0.0,0.0,0,1,0.0,0.0,0,0.005853866616862824,0.05853866616862824,0.0,0.000339508056640625,0.0,0
1790485273.245,9,0.012313395738601685,0.00804555650621981,5,0.019317030906677246,0.0017799740128972624,9,2,0.04970192909240723,0.0,100,2,0.09807801246643066,0.0,10,0,0.0,0.0,0,0.0058538509021344165,0.058538509021344165,3.814697265625e-05,0.0003185272216796875,0.0,0
1790485273.345,10,0.010930670632256402,0.008900945073148174,6,0.019638776779174805,0.0020283827643838913,11,2,0.04937100410461426,0.0,144,1,0.0,0.0,0,1,0.0,0.0,0,0.007154678966403427,0.07154678966403427,0.0,0.00029754638671875,0.0,0
1790485273.445,7,0.016510844230651855,0.005674954406086052,4,0.019312699635823567,0.0015021549957294376,9,2,0.05005216598510742,0.0,81,1,0.0,0.0,0,0,0.0,0.0,0,0.005853818375156639,0.058538183751566386,0.0,0.0002827644348144531,0.0,0
1790485273.545,10,0.01109223895602756,0.008559422490584266,6,0.019884824752807617,0.0017986704342896301,245,2,0.04929995536804199,0.0,32,1,0.0,0.0,0,1,0.0,0.0,0,0.00715463564631591,0.0715463564631591,0.0,0.0002593994140625,0.0,0
1790485273.645,10,0.011096318562825521,0.008660541505461231,5,0.02039545774459839,0.002050278955152933,10,3,0.0498729944229126,0.0001341104507446289,21,1,0.0,0.0,0,1,0.0,0.0,0,0.006504207112631999,0.06504207112631999,0.0,0.00024271011352539062,0.0,0
1790485273.765,9,0.012437611818313599,0.007221750368740271,6,0.019900178909301756,0.0030204679567460554,10,2,0.050170183181762695,0.0,196,1,0.0,0.0,0,0,0.0,0.0,0,0.0065041859988879125,0.06504185998887912,0.0,0.0002155303955078125,0.0,0
1790485273.882,9,0.010113775730133057,0.008756367615566484,5,0.020227551460266113,0.0015640518148891478,10,2,0.049859046936035156,0.0,104,1,0.0,0.0,0,1,0.0,0.0,0,0.006504164481571095,0.06504164481571095,0.0,0.000194549560546875,0.0,0
1790485273.984,9,0.01242712140083313,0.007619847146931306,6,0.019883394241333008,0.0023134689047796453,11,2,0.04992985725402832,0.0,144,1,0.0,0.0,0,0,0.0,0.0,0,0.007154557471324985,0.07154557471324985,0.0,0.00017547607421875,0.0,0
1790485274.095,10,0.011108901765611436,0.008734727973093284,5,0.019946753978729248,0.0010604405642048401,10,3,0.049990057945251465,0.0003660917282104492,204,1,0.0,0.0,0,1,0.0,0.0,0,0.006504128750619564,0.06504128750619564,0.0,0.0001544952392578125,0.0,0
1790485274.205,9,0.012310981750488281,0.008253797314974057,6,0.01969757080078125,0.002719316315633125,249,2,0.049768924713134766,0.0,7,1,0.0,0.0,0,0,0.0,0.0,0,0.006504107627032241,0.0650410762703224,0.0,0.00012540817260742188,0.0,0
1790485274.321,9,0.010426759719848633,0.009167222526312338,5,0.020853519439697266,0.002391351255760463,11,2,0.049844980239868164,0.0,222,1,0.0,0.0,0,1,0.0,0.0,0,0.007154498963122258,0.07154498963122258,0.0,0.00010585784912109375,0.0,0
1790485274.422,9,0.01238974928855896,0.008156633391969214,6,0.019823598861694335,0.0019607600616028077,10,2,0.053687095642089844,0.0,61,1,0.0,0.0,0,0,0.0,0.0,0,0.00650406905138512,0.0650406905138512,0.0,9.298324584960938e-05,0.0,0
1790485274.541,9,0.01038515567779541,0.008999096032615618,5,0.01980501413345337,0.0033839641304708227,11,2,0.0498049259185791,0.0,139,1,0.0,0.0,0,1,0.0,0.0,0,0.007154444913906044,0.07154444913906044,0.0,6.628036499023438e-05,0.0,0
1790485274.645,9,0.012025654315948486,0.008230907842445874,5,0.01919502019882202,0.0014866906884809994,9,2,0.04977917671203613,0.0,97,2,0.09586119651794434,0.0,12,0,0.0,0.0,0,0.005853630172458768,0.05853630172458768,4.57763671875e-05,4.6253204345703125e-05,0.0,0
1790485274.745,9,0.012433856725692749,0.008383008135707496,5,0.01912975311279297,0.002301013669517641,248,2,0.05008888244628906,0.0,201,1,0.0,0.0,0,1,0.0,0.0,0,0.006504012610262233,0.06504012610262233,0.0,2.6226043701171875e-05,0.0,0
1790485274.845,10,0.011109881930881076,0.008612125303038162,6,0.019818973541259766,0.0019007979520311777,10,3,0.04981398582458496,0.00016307830810546875,13,1,0.0,0.0,0,0,0.0,0.0,0,0.006503988258093063,0.06503988258093063,0.0,6.198883056640625e-06,0.0,0
1790485274.945,9,0.012491017580032349,0.007925935060225006,5,0.020401835441589355,0.0009275819751326443,9,2,0.049944162368774414,0.0,207,1,0.0,0.0,0,1,0.0,0.0,0,0.0058535801097536755,0.058535801097536755,0.0,2.3365020751953125e-05,0.0,0
1790485275.065,10,0.010705444547865126,0.00824693825071001,6,0.019269800186157225,0.0027376241379232424,10,2,0.050189971923828125,0.0,92,1,0.0,0.0,0,1,0.0,0.0,0,0.006503950086018673,0.06503950086018673,0.0,4.38690185546875e-05,0.0,0
1790485275.182,8,0.011673995426722936,0.008278732000191134,5,0.020429491996765137,0.0021889464531180108,10,2,0.05014204978942871,0.0,134,1,0.0,0.0,0,0,0.0,0.0,0,0.00650393627595669,0.0650393627595669,0.0,6.389617919921875e-05,0.0,0
1790485275.285,10,0.01098277833726671,0.00858119302170167,6,0.019769001007080077,0.0007075972692475588,9,2,0.05005788803100586,0.0,81,1,0.0,0.0,0,1,0.0,0.0,0,0.005853524200165605,0.05853524200165605,0.0,8.344650268554688e-05,0.0,0
1790485275.395,8,0.01286458969116211,0.009190258846200448,5,0.020646512508392334,0.002376489067486058,10,2,0.05001115798950195,0.0,39,1,0.0,0.0,0,0,0.0,0.0,0,0.006503892030604863,0.06503892030604863,0.0,0.00010347366333007812,0.0,0
1790485275.495,9,0.011117756366729736,0.008538434742975222,5,0.019915223121643066,0.0017257364371479733,9,2,0.050135135650634766,0.0,4,1,0.0,0.0,0,1,0.0,0.0,0,0.005853493499108353,0.05853493499108353,0.0,0.0001239776611328125,0.0,0
1790485275.595,8,0.012431962149483817,0.00856474047596981,5,0.019809186458587646,0.0013627140182400094,9,2,0.04992079734802246,0.0,44,1,0.0,0.0,0,0,0.0,0.0,0,0.0058534814509858535,0.058534814509858535,0.0,0.0001430511474609375,0.0,0
1790485275.695,10,0.01110174920823839,0.008607915774148342,5,0.020701050758361816,0.002513165009015179,10,3,0.049957871437072754,0.00010597705841064453,105,1,0.0,0.0,0,1,0.0,0.0,0,0.00650384817898253,0.0650384817898253,0.0,0.00017213821411132812,0.0,0
1790485275.805,9,0.01222112774848938,0.007020759881155551,6,0.01955380439758301,0.0027082735109170268,10,2,0.049906015396118164,0.0,146,1,0.0,0.0,0,0,0.0,0.0,0,0.006503831130495463,0.06503831130495463,0.0,0.00019168853759765625,0.0,0
1790485275.925,10,0.01079453362358941,0.008302304109655717,6,0.019430160522460938,0.001150632576220881,249,2,0.049997806549072266,0.0,68,1,0.0,0.0,0,1,0.0,0.0,0,0.005853426998196909,0.05853426998196909,0.0,0.0002117156982421875,0.0,0
1790485276.044,8,0.011432852063860213,0.007732200635569282,5,0.019663214683532715,0.000890672994666398,8,2,0.04983329772949219,0.0,28,1,0.0,0.0,0,0,0.0,0.0,0,0.005203035662106892,0.05203035662106892,0.0,0.0002307891845703125,0.0,0
1790485276.145,10,0.011066887113783095,0.00853882667205879,5,0.019206762313842773,0.0013941701581734376,8,2,0.04978609085083008,0.0,244,2,0.09960198402404785,0.0,15,1,0.0,0.0,0,0.005203020080262188,0.052030200802621884,5.7220458984375e-05,0.0002498626708984375,0.0,0
1790485276.245,10,0.011108663347032335,0.007931231074286697,6,0.019132232666015624,0.0018983036666872486,9,2,0.049652099609375,0.0,51,1,0.0,0.0,0,1,0.0,0.0,0,0.005853382782374794,0.05853382782374794,0.0,0.0002684593200683594,0.0,0
1790485276.345,8,0.014014107840401786,0.006702872545715778,5,0.019709467887878418,0.0019328356324434552,9,2,0.04995083808898926,0.0,162,1,0.0,0.0,0,0,0.0,0.0,0,0.005853365251569098,0.05853365251569098,0.0,0.00028896331787109375,0.0,0
1790485276.445,10,0.011095762252807617,0.007899001303821103,5,0.019355297088623047,0.0017627872143832282,9,3,0.04988694190979004,9.202957153320312e-05,155,1,0.0,0.0,0,1,0.0,0.0,0,0.005853353557803143,0.058533535578031426,0.0,0.0003180503845214844,0.0,0
1790485276.565,9,0.012171268463134766,0.007784971128638316,6,0.019474029541015625,0.002936150122489581,250,2,0.04968404769897461,0.0,66,1,0.0,0.0,0,0,0.0,0.0,0,0.006503700796189893,0.06503700796189893,0.0,0.00033473968505859375,0.0,0
1790485276.681,9,0.010434985160827637,0.008174969357638555,5,0.020869970321655273,0.0026353802954965024,9,2,0.05008101463317871,0.0,20,1,0.0,0.0,0,1,0.0,0.0,0,0.005853322128346328,0.05853322128346328,0.0,0.0003566741943359375,0.0,0
1790485276.783,8,0.011789424078805106,0.0076247726120413665,5,0.020631492137908936,0.0016902295969371877,9,2,0.04996514320373535,0.0,17,1,0.0,0.0,0,0,0.0,0.0,0,0.005853307885181902,0.05853307885181902,0.0,0.0003743171691894531,0.0,0
1790485276.883,9,0.009982287883758545,0.008854201861900796,5,0.01996457576751709,0.0015087815506338437,9,2,0.050048112869262695,0.0,57,1,0.0,0.0,0,1,0.0,0.0,0,0.005853291072932532,0.058532910729325316,0.0,0.0003933906555175781,0.0,0
1790485276.985,9,0.012277841567993164,0.008346218627615035,6,0.019644546508789062,0.0020157110939933638,9,2,0.04591798782348633,0.0,23,1,0.0,0.0,0,0,0.0,0.0,0,0.005853271711284691,0.05853271711284691,0.0,0.0003771781921386719,0.0,0
1790485277.095,10,0.01111088858710395,0.008282401034924699,5,0.020385026931762695,0.0012792673403229774,8,3,0.04999899864196777,2.6941299438476562e-05,132,1,0.0,0.0,0,1,0.0,0.0,0,0.005202900553831213,0.052029005538312134,0.0,0.0004382133483886719,0.0,0
1790485277.205,9,0.012482762336730957,0.0070156437617329,6,0.01997241973876953,0.0030658491981195115,9,2,0.05004000663757324,0.0,188,1,0.0,0.0,0,0,0.0,0.0,0,0.005853246866953654,0.05853246866953654,0.0,0.0004558563232421875,0.0,0
1790485277.323,9,0.00976550579071045,0.008371955362647466,5,0.0195310115814209,0.0014363140102486229,248,2,0.05005598068237305,0.0,30,1,0.0,0.0,0,1,0.0,0.0,0,0.005202873927874219,0.052028739278742187,0.0,0.00047397613525390625,0.0,0
1790485277.425,9,0.011957257986068726,0.007492966461334968,6,0.01913161277770996,0.0025662261057299725,8,2,0.050061941146850586,0.0,7,1,0.0,0.0,0,0,0.0,0.0,0,0.005202857361705782,0.052028573617057816,0.0,0.0004916191101074219,0.0,0
1790485277.542,9,0.010365009307861328,0.008897013387700908,5,0.019890248775482178,0.003537673874684451,8,2,0.050024986267089844,0.0,43,1,0.0,0.0,0,1,0.0,0.0,0,0.005202845658096589,0.05202845658096589,0.0,0.0005087852478027344,0.0,0
1790485277.644,10,0.010909001032511393,0.007918272795571286,6,0.019566774368286133,0.002608029074335548,9,2,0.05000805854797363,0.0,79,2,0.09808802604675293,0.0,17,0,0.0,0.0,0,0.0058531854746823875,0.058531854746823875,6.4849853515625e-05,0.0005259513854980469,0.0,0
1790485277.745,10,0.01110476917690701,0.008462188315254398,5,0.0196075439453125,0.0018581687734807448,8,3,0.04997146129608154,4.3511390686035156e-05,143,1,0.0,0.0,0,1,0.0,0.0,0,0.0052028177328322656,0.052028177328322656,0.0,0.0005512237548828125,0.0,0
1790485277.864,10,0.01108943091498481,0.008912563283659997,6,0.019960975646972655,0.0028083786048563775,8,2,0.049965858459472656,0.0,166,1,0.0,0.0,0,1,0.0,0.0,0,0.005202804090105317,0.052028040901053174,0.0,0.0005674362182617188,0.0,0
1790485277.984,8,0.010972840445382255,0.008356332951282177,5,0.019202470779418945,0.0024897131959473622,250,2,0.049944162368774414,0.0,55,1,0.0,0.0,0,0,0.0,0.0,0,0.005202795329624088,0.05202795329624088,0.0,0.0005841255187988281,0.0,0
1790485278.086,10,0.010993692609998915,0.008925560575812027,6,0.019788646697998048,0.003330936572830462,8,2,0.05078768730163574,0.0,5,1,0.0,0.0,0,1,0.0,0.0,0,0.00520278168689714,0.0520278168689714,0.0,0.0006098747253417969,0.0,0
1790485278.195,8,0.012610844203404017,0.008657802243557493,5,0.02001798152923584,0.0008933597686832207,8,2,0.050160884857177734,0.0,17,1,0.0,0.0,0,0,0.0,0.0,0,0.005202772916572673,0.05202772916572673,0.0,0.0006184577941894531,0.0,0
1790485278.295,10,0.011098755730523003,0.008270360545741477,5,0.01950126886367798,0.001307899670620914,7,3,0.049944400787353516,0.00010776519775390625,56,1,0.0,0.0,0,1,0.0,0.0,0,0.004552416779899371,0.04552416779899371,0.0,0.000637054443359375,0.0,0
1790485278.401,9,0.01246410608291626,0.008102327528382285,6,0.019942569732666015,0.0019622499494560378,8,2,0.04987287521362305,0.0,87,1,0.0,0.0,0,0,0.0,0.0,0,0.00520274920421393,0.0520274920421393,0.0,0.0006518363952636719,0.0,0
1790485278.521,9,0.010168135166168213,0.008615442716878863,5,0.020336270332336426,0.004144783660344402,8,2,0.05003809928894043,0.0,132,1,0.0,0.0,0,1,0.0,0.0,0,0.00520273881959854,0.0520273881959854,0.0,0.0006694793701171875,0.0,0
1790485278.625,9,0.012178897857666016,0.008083565763221926,6,0.019486236572265624,0.0012530817044337109,7,2,0.0500330924987793,0.0,101,1,0.0,0.0,0,0,0.0,0.0,0,0.00455238012368353,0.045523801236835304,0.0,0.0006842613220214844,0.0,0
1790485278.742,11,0.00996990203857422,0.007892537767612678,6,0.01927356719970703,0.002030589689877308,251,2,0.049729108810424805,0.0,177,2,0.0995173454284668,0.0,18,1,0.0,0.0,0,0.004552374719746233,0.04552374719746233,6.866455078125e-05,0.0006947517395019531,0.0,0
1790485278.845,7,0.016408324241638184,0.005995015889946077,4,0.0191193421681722,0.0018407154158162774,6,2,0.05002188682556152,0.0,41,1,0.0,0.0,0,0,0.0,0.0,0,0.0039020278061863145,0.039020278061863145,0.0,0.0007128715515136719,0.0,0
1790485278.945,10,0.011108318964640299,0.008566090822566872,5,0.019015192985534668,0.0007071542783918231,6,3,0.049924373626708984,4.4345855712890625e-05,16,1,0.0,0.0,0,1,0.0,0.0,0,0.0039020217132224033,0.03902021713222403,0.0,0.0007333755493164062,0.0,0
1790485279.045,9,0.012473493814468384,0.007986884026020434,6,0.019272804260253906,0.0020905774186300574,7,2,0.049974918365478516,0.0,30,1,0.0,0.0,0,0,0.0,0.0,0,0.0045523451801909864,0.045523451801909864,0.0,0.0007467269897460938,0.0,0
1790485279.145,9,0.012490242719650269,0.00802129365438723,5,0.019954979419708252,0.0008725715028343679,7,2,0.0500640869140625,0.0,61,1,0.0,0.0,0,1,0.0,0.0,0,0.004552334943224157,0.04552334943224157,0.0,0.0007615089416503906,0.0,0
1790485279.263,10,0.011033137639363607,0.008529285908801124,6,0.01985964775085449,0.0020911976166828206,7,2,0.04999113082885742,0.0,85,1,0.0,0.0,0,1,0.0,0.0,0,0.004552326704434506,0.04552326704434506,0.0,0.0007729530334472656,0.0,0
1790485279.384,9,0.012485265731811523,0.008611603559448584,6,0.019976425170898437,0.003307609248983738,7,2,0.04996132850646973,0.0,142,1,0.0,0.0,0,0,0.0,0.0,0,0.004552320453978798,0.045523204539787976,0.0,0.0007867813110351562,0.0,0
1790485279.495,9,0.010947495698928833,0.009040795901926342,5,0.019811689853668213,0.0011614919801386848,6,2,0.04995894432067871,0.0,120,1,0.0,0.0,0,1,0.0,0.0,0,0.003901982015446226,0.03901982015446226,0.0,0.000797271728515625,0.0,0
1790485279.595,9,0.012497901916503906,0.008330442081587895,5,0.01978003978729248,0.0018351171617999092,6,3,0.049991607666015625,1.6450881958007812e-05,93,1,0.0,0.0,0,0,0.0,0.0,0,0.003901975194082752,0.03901975194082752,0.0,0.0008149147033691406,0.0,0
1790485279.701,9,0.011783003807067871,0.008982890697534326,5,0.020113766193389893,0.00218863585479809,251,2,0.04988384246826172,0.0,63,1,0.0,0.0,0,1,0.0,0.0,0,0.0039019673982387815,0.039019673982387815,0.0,0.0008244514465332031,0.0,0
1790485279.805,9,0.012432008981704712,0.00687432078672315,6,0.01989121437072754,0.0026511773159986957,6,2,0.05005502700805664,0.0,33,1,0.0,0.0,0,0,0.0,0.0,0,0.003901960832799478,0.03901960832799478,0.0,0.0008387565612792969,0.0,0
1790485279.921,10,0.011073562833997939,0.009091043740338723,6,0.01993241310119629,0.002391258813670671,6,2,0.05233001708984375,0.0,185,1,0.0,0.0,0,1,0.0,0.0,0,0.003901952052631774,0.03901952052631774,0.0,0.0008883476257324219,0.0,0
1790485280.042,10,0.011108345455593534,0.008052877532832022,6,0.01932816505432129,0.0018416619732940826,5,2,0.050066232681274414,0.0,11,2,0.09985518455505371,0.0,20,0,0.0,0.0,0,0.003251622561601941,0.03251622561601941,7.62939453125e-05,0.0008597373962402344,0.0,0
1790485280.145,9,0.012384742498397827,0.008079377761379788,5,0.01971566677093506,0.0012991612416544387,5,2,0.04969501495361328,0.0,19,1,0.0,0.0,0,1,0.0,0.0,0,0.0032516164587947927,0.03251616458794793,0.0,0.0008635520935058594,0.0,0
1790485280.245,7,0.01596232255299886,0.0037904869091837565,4,0.019399642944335938,0.0015411555593898346,5,2,0.050041913986206055,0.0,52,1,0.0,0.0,0,0,0.0,0.0,0,0.003251610582382103,0.03251610582382103,0.0,0.0008792877197265625,0.0,0
1790485280.345,11,0.009995532035827637,0.008719345196236699,6,0.01992344856262207,0.0012077010791920774,5,3,0.049977660179138184,7.665157318115234e-05,80,1,0.0,0.0,0,1,0.0,0.0,0,0.003251606723833067,0.03251606723833067,0.0,0.00089263916015625,0.0,0
1790485280.462,10,0.01105189323425293,0.008267769507180068,6,0.019893407821655273,0.0014665454675714443,5,2,0.049942970275878906,0.0,98,1,0.0,0.0,0,1,0.0,0.0,0,0.0032516020581385696,0.032516020581385696,0.0,0.0009012222290039062,0.0,0
1790485280.583,8,0.01127072743007115,0.007859468159344832,5,0.01972377300262451,0.001785316539949051,5,2,0.050058841705322266,0.0,135,1,0.0,0.0,0,0,0.0,0.0,0,0.0032515955616019276,0.032515955616019276,0.0,0.0009121894836425781,0.0,0
1790485280.684,10,0.01096653938293457,0.008432872866912612,6,0.019739770889282228,0.0015130115434321277,252,2,0.0499720573425293,0.0,124,1,0.0,0.0,0,1,0.0,0.0,0,0.0032515902856267154,0.032515902856267154,0.0,0.0009174346923828125,0.0,0
1790485280.795,8,0.012327568871634347,0.007917739540862667,5,0.020025193691253662,0.0022636696306229257,5,2,0.05002117156982422,0.0,105,1,0.0,0.0,0,0,0.0,0.0,0,0.0032515868306504103,0.0325158683065041,0.0,0.0009264945983886719,0.0,0
1790485280.895,10,0.01110733879937066,0.00828568209735918,5,0.01991581916809082,0.0022204301349681263,5,3,0.04998302459716797,0.00011587142944335938,171,1,0.0,0.0,0,1,0.0,0.0,0,0.003251581761383182,0.03251581761383182,0.0,0.0009360313415527344,0.0,0
1790485281.004,9,0.012345492839813232,0.00762566439960859,6,0.01975278854370117,0.0027908009205805245,5,2,0.05000185966491699,0.0,186,1,0.0,0.0,0,0,0.0,0.0,0,0.003251576081835239,0.03251576081835239,0.0,0.0009431838989257812,0.0,0
1790485281.125,9,0.009858906269073486,0.008064762080960552,5,0.019717812538146973,0.0009620360797768627,4,2,0.050022125244140625,0.0,248,1,0.0,0.0,0,1,0.0,0.0,0,0.0026012588357926525,0.026012588357926525,0.0,0.0009503364562988281,0.0,0
1790485281.225,9,0.01214715838432312,0.006978281362801733,6,0.01943545341491699,0.0026172221068493,4,2,0.05004405975341797,0.0,42,1,0.0,0.0,0,0,0.0,0.0,0,0.002601255252854262,0.02601255252854262,0.0,0.0009565353393554688,0.0,0
